Workbook

Sheet DASHBOARD OLD (formulas)
A1: 📊 ASD C2+6Y-CHECK — WORK PACKAGE DASHBOARD | I1: =IF(OR(NOT(ISNUMBER($M$1)),NOT(ISNUMBER($M$2))),"PENDING","DAY "&MAX(MIN(TODAY()-$M$1+1,$M$2-$M$1+1),0)&"/"&($M$2-$M$1+1)) | L1: CHECK START → | M1: =DASHBOARD!$M$1
A2: =IF(AND($M$1="",$M$2=""),"⚙️ Set CHECK START (M1) and CHECK END (M2) dates → schedule alert activates automatically",IF(OR(NOT(ISNUMBER($M$1)),NOT(ISNUMBER($M$2))),"⚠️ Date not recognized — clear M1/M2 and re-type as 2026-07-01 (year-month-day)",IF($M$2<=$M$1,"⚠️ CHECK END must be after CHECK START — please review M1/M2",IF(AND(TODAY()>$M$2,(COUNTIFS('HZ-ASD Tracker'!$A$5:$A$993,"<>",'HZ-ASD Tracker'!$E$5:$E$993,"Closed")/COUNTIF('HZ-ASD Tracker'!$A$5:$A$993,"<>"))<1),"❌ CHECK PERIOD ENDED — Completion "&TEXT((COUNTIFS('HZ-ASD Tracker'!$A$5:$A$993,"<>",'HZ-ASD Tracker'!$E$5:$E$993,"Closed")/COUNTIF('HZ-ASD Tracker'!$A$5:$A$993,"<>")),"0%")&" · Overdue by "&(TODAY()-$M$2)&" days",IF((COUNTIFS('HZ-ASD Tracker'!$A$5:$A$993,"<>",'HZ-ASD Tracker'!$E$5:$E$993,"Closed")/COUNTIF('HZ-ASD Tracker'!$A$5:$A$993,"<>"))>=((TODAY()-$M$1)/($M$2-$M$1))-0.05,"✅ ON TRACK — "&"Completed "&TEXT((COUNTIFS('HZ-ASD Tracker'!$A$5:$A$993,"<>",'HZ-ASD Tracker'!$E$5:$E$993,"Closed")/COUNTIF('HZ-ASD Tracker'!$A$5:$A$993,"<>")),"0%")&" vs Time "&TEXT(MAX(MIN(((TODAY()-$M$1)/($M$2-$M$1)),1),0),"0%")&" · Days Left: "&MAX($M$2-TODAY(),0)&" · Pace needed: "&TEXT((COUNTIF('HZ-ASD Tracker'!$A$5:$A$993,"<>")-COUNTIFS('HZ-ASD Tracker'!$A$5:$A$993,"<>",'HZ-ASD Tracker'!$E$5:$E$993,"Closed"))/MAX($M$2-TODAY(),1),"0.0")&"/day vs avg "&TEXT(COUNTIFS('HZ-ASD Tracker'!$A$5:$A$993,"<>",'HZ-ASD Tracker'!$E$5:$E$993,"Closed")/MAX(TODAY()-$M$1,1),"0.0")&"/day",IF((COUNTIFS('HZ-ASD Tracker'!$A$5:$A$993,"<>",'HZ-ASD Tracker'!$E$5:$E$993,"Closed")/COUNTIF('HZ-ASD Tracker'!$A$5:$A$993,"<>"))>=((TODAY()-$M$1)/($M$2-$M$1))-0.15,"⚠️ WARNING — "&"Completed "&TEXT((COUNTIFS('HZ-ASD Tracker'!$A$5:$A$993,"<>",'HZ-ASD Tracker'!$E$5:$E$993,"Closed")/COUNTIF('HZ-ASD Tracker'!$A$5:$A$993,"<>")),"0%")&" vs Time "&TEXT(MAX(MIN(((TODAY()-$M$1)/($M$2-$M$1)),1),0),"0%")&" · Days Left: "&MAX($M$2-TODAY(),0)&" · Pace needed: "&TEXT((COUNTIF('HZ-ASD Tracker'!$A$5:$A$993,"<>")-COUNTIFS('HZ-ASD Tracker'!$A$5:$A$993,"<>",'HZ-ASD Tracker'!$E$5:$E$993,"Closed"))/MAX($M$2-TODAY(),1),"0.0")&"/day vs avg "&TEXT(COUNTIFS('HZ-ASD Tracker'!$A$5:$A$993,"<>",'HZ-ASD Tracker'!$E$5:$E$993,"Closed")/MAX(TODAY()-$M$1,1),"0.0")&"/day","🔴 CRITICAL — "&"Completed "&TEXT((COUNTIFS('HZ-ASD Tracker'!$A$5:$A$993,"<>",'HZ-ASD Tracker'!$E$5:$E$993,"Closed")/COUNTIF('HZ-ASD Tracker'!$A$5:$A$993,"<>")),"0%")&" vs Time "&TEXT(MAX(MIN(((TODAY()-$M$1)/($M$2-$M$1)),1),0),"0%")&" · Days Left: "&MAX($M$2-TODAY(),0)&" · Pace needed: "&TEXT((COUNTIF('HZ-ASD Tracker'!$A$5:$A$993,"<>")-COUNTIFS('HZ-ASD Tracker'!$A$5:$A$993,"<>",'HZ-ASD Tracker'!$E$5:$E$993,"Closed"))/MAX($M$2-TODAY(),1),"0.0")&"/day vs avg "&TEXT(COUNTIFS('HZ-ASD Tracker'!$A$5:$A$993,"<>",'HZ-ASD Tracker'!$E$5:$E$993,"Closed")/MAX(TODAY()-$M$1,1),"0.0")&"/day")))))) | L2: CHECK END → | M2: =DASHBOARD!$M$2
A3: STATUS OVERVIEW | H3: =IF(NOT(ISNUMBER(LAYOVER!$B$19)),"⏳ set findings cutoff (LAYOVER)",IF(TODAY()>LAYOVER!$B$19,"🔒 FINDINGS WINDOW CLOSED","⏳ Findings window closes in: "&(LAYOVER!$B$19-TODAY())&" day(s)"))
B5: Total Items/WOs | C5: =COUNTIF('HZ-ASD Tracker'!A5:A993,"<>") | E5: Closed | F5: =COUNTIFS('HZ-ASD Tracker'!A5:A993,"<>",'HZ-ASD Tracker'!E5:E993,"Closed") | H5: Completion | I5: =TEXT(IFERROR(COUNTIFS('HZ-ASD Tracker'!A5:A993,"<>",'HZ-ASD Tracker'!E5:E993,"Closed")/COUNTIF('HZ-ASD Tracker'!A5:A993,"<>"),0),"0%")
B7: Open | C7: =COUNTIFS('HZ-ASD Tracker'!A5:A993,"<>",'HZ-ASD Tracker'!E5:E993,"Open") | E7: In Work (I/W) | F7: =COUNTIFS('HZ-ASD Tracker'!A5:A993,"<>",'HZ-ASD Tracker'!E5:E993,"I/W") | H7: Deferred / Hold | I7: =COUNTIFS('HZ-ASD Tracker'!A5:A993,"<>",'HZ-ASD Tracker'!E5:E993,"Deferred")+COUNTIFS('HZ-ASD Tracker'!A5:A993,"<>",'HZ-ASD Tracker'!E5:E993,"On Hold")
A9: PRIORITY ALERTS | H9: =IFERROR("📅 Next: "&INDEX(LAYOVER!$A$41:$A$48,MATCH(AGGREGATE(15,6,LAYOVER!$B$41:$B$48/(LAYOVER!$B$41:$B$48>=TODAY()),1),LAYOVER!$B$41:$B$48,0))&IF(AGGREGATE(15,6,LAYOVER!$B$41:$B$48/(LAYOVER!$B$41:$B$48>=TODAY()),1)=TODAY()," — TODAY"," in "&(AGGREGATE(15,6,LAYOVER!$B$41:$B$48/(LAYOVER!$B$41:$B$48>=TODAY()),1)-TODAY())&" day(s)"),"📅 no upcoming milestone set")
B11: AOG | C11: =COUNTIFS('HZ-ASD Tracker'!A5:A993,"<>",'HZ-ASD Tracker'!F5:F993,"AOG") | E11: Critical | F11: =COUNTIFS('HZ-ASD Tracker'!A5:A993,"<>",'HZ-ASD Tracker'!F5:F993,"Critical") | H11: 🚨 AOG/CRIT — STILL OPEN | I11: =COUNTIFS('HZ-ASD Tracker'!$A$5:$A$993,"<>",'HZ-ASD Tracker'!$F$5:$F$993,"AOG",'HZ-ASD Tracker'!$E$5:$E$993,"<>Closed")+COUNTIFS('HZ-ASD Tracker'!$A$5:$A$993,"<>",'HZ-ASD Tracker'!$F$5:$F$993,"Critical",'HZ-ASD Tracker'!$E$5:$E$993,"<>Closed")
A13: BY SOURCE — ROUTINE · ENG ORDERS · FINDINGS | G13: =IF(NOT(ISNUMBER(LAYOVER!$B$7)),"📍 Phase: awaiting official schedule","📍 Now: "&IF(AND(ISNUMBER(LAYOVER!$B$37),TODAY()>=LAYOVER!$B$37),"PHASE 5 — Release",IF(AND(ISNUMBER(LAYOVER!$B$27),TODAY()>=LAYOVER!$B$27),"PHASE 4 — Close Up & Final",IF(AND(ISNUMBER(LAYOVER!$B$21),TODAY()>=LAYOVER!$B$21),"PHASE 3 — Mod & Rectification",IF(AND(ISNUMBER(LAYOVER!$B$14),TODAY()>=LAYOVER!$B$14),"PHASE 2 — Inspection","PHASE 1 — Pre Hangar")))))
B15: ROUTINE TASKS (WP) | C15: =(COUNTIFS('HZ-ASD Tracker'!$A$5:$A$993,"<>",'HZ-ASD Tracker'!$E$5:$E$993,"Closed")-SUMPRODUCT(('HZ-ASD Tracker'!$A$5:$A$993<>"")*(LEN('HZ-ASD Tracker'!$A$5:$A$993)=8)*ISNUMBER(--'HZ-ASD Tracker'!$A$5:$A$993)*('HZ-ASD Tracker'!$E$5:$E$993="Closed"))+SUMPRODUCT(('HZ-ASD Tracker'!$A$5:$A$993<>"")*(LEN('HZ-ASD Tracker'!$A$5:$A$993)=8)*ISNUMBER(--'HZ-ASD Tracker'!$A$5:$A$993)*(((LEFT('HZ-ASD Tracker'!$B$5:$B$993,3)="6Y_")+(LEFT('HZ-ASD Tracker'!$B$5:$B$993,4)="A_N ")+(LEFT('HZ-ASD Tracker'!$B$5:$B$993,4)="C_N ")+(LEFT('HZ-ASD Tracker'!$B$5:$B$993,4)="DCC-")+(LEFT('HZ-ASD Tracker'!$B$5:$B$993,4)="CCC-")+(LEFT('HZ-ASD Tracker'!$B$5:$B$993,4)="ISC-")+(LEFT('HZ-ASD Tracker'!$B$5:$B$993,7)="WEEKLY-"))>0)*('HZ-ASD Tracker'!$E$5:$E$993="Closed")))&" / "&(COUNTIF('HZ-ASD Tracker'!$A$5:$A$993,"<>")-SUMPRODUCT(('HZ-ASD Tracker'!$A$5:$A$993<>"")*(LEN('HZ-ASD Tracker'!$A$5:$A$993)=8)*ISNUMBER(--'HZ-ASD Tracker'!$A$5:$A$993))+SUMPRODUCT(('HZ-ASD Tracker'!$A$5:$A$993<>"")*(LEN('HZ-ASD Tracker'!$A$5:$A$993)=8)*ISNUMBER(--'HZ-ASD Tracker'!$A$5:$A$993)*(((LEFT('HZ-ASD Tracker'!$B$5:$B$993,3)="6Y_")+(LEFT('HZ-ASD Tracker'!$B$5:$B$993,4)="A_N ")+(LEFT('HZ-ASD Tracker'!$B$5:$B$993,4)="C_N ")+(LEFT('HZ-ASD Tracker'!$B$5:$B$993,4)="DCC-")+(LEFT('HZ-ASD Tracker'!$B$5:$B$993,4)="CCC-")+(LEFT('HZ-ASD Tracker'!$B$5:$B$993,4)="ISC-")+(LEFT('HZ-ASD Tracker'!$B$5:$B$993,7)="WEEKLY-"))>0))) | E15: ENG ORDERS (EOD/AD/EO) | F15: =SUMPRODUCT(('HZ-ASD Tracker'!$A$5:$A$993<>"")*(LEN('HZ-ASD Tracker'!$A$5:$A$993)=8)*ISNUMBER(--'HZ-ASD Tracker'!$A$5:$A$993)*(((LEFT('HZ-ASD Tracker'!$B$5:$B$993,4)="EOD-")+(LEFT('HZ-ASD Tracker'!$B$5:$B$993,3)="EO-")+(LEFT('HZ-ASD Tracker'!$B$5:$B$993,3)="ER-")+(LEFT('HZ-ASD Tracker'!$B$5:$B$993,5)="FRSEO")+(LEFT('HZ-ASD Tracker'!$B$5:$B$993,1)="S")*ISNUMBER(--MID('HZ-ASD Tracker'!$B$5:$B$993,2,2))*(MID('HZ-ASD Tracker'!$B$5:$B$993,4,2)="-R")+(LEFT('HZ-ASD Tracker'!$B$5:$B$993,8)="REPLACE ")+ISNUMBER(SEARCH("/AD-",'HZ-ASD Tracker'!$B$5:$B$993)))>0)*('HZ-ASD Tracker'!$E$5:$E$993="Closed"))&" / "&SUMPRODUCT(('HZ-ASD Tracker'!$A$5:$A$993<>"")*(LEN('HZ-ASD Tracker'!$A$5:$A$993)=8)*ISNUMBER(--'HZ-ASD Tracker'!$A$5:$A$993)*(((LEFT('HZ-ASD Tracker'!$B$5:$B$993,4)="EOD-")+(LEFT('HZ-ASD Tracker'!$B$5:$B$993,3)="EO-")+(LEFT('HZ-ASD Tracker'!$B$5:$B$993,3)="ER-")+(LEFT('HZ-ASD Tracker'!$B$5:$B$993,5)="FRSEO")+(LEFT('HZ-ASD Tracker'!$B$5:$B$993,1)="S")*ISNUMBER(--MID('HZ-ASD Tracker'!$B$5:$B$993,2,2))*(MID('HZ-ASD Tracker'!$B$5:$B$993,4,2)="-R")+(LEFT('HZ-ASD Tracker'!$B$5:$B$993,8)="REPLACE ")+ISNUMBER(SEARCH("/AD-",'HZ-ASD Tracker'!$B$5:$B$993)))>0)) | H15: FINDINGS (AMOS WOs) | I15: =(SUMPRODUCT(('HZ-ASD Tracker'!$A$5:$A$993<>"")*(LEN('HZ-ASD Tracker'!$A$5:$A$993)=8)*ISNUMBER(--'HZ-ASD Tracker'!$A$5:$A$993)*('HZ-ASD Tracker'!$E$5:$E$993="Closed"))-SUMPRODUCT(('HZ-ASD Tracker'!$A$5:$A$993<>"")*(LEN('HZ-ASD Tracker'!$A$5:$A$993)=8)*ISNUMBER(--'HZ-ASD Tracker'!$A$5:$A$993)*(((LEFT('HZ-ASD Tracker'!$B$5:$B$993,4)="EOD-")+(LEFT('HZ-ASD Tracker'!$B$5:$B$993,3)="EO-")+(LEFT('HZ-ASD Tracker'!$B$5:$B$993,3)="ER-")+(LEFT('HZ-ASD Tracker'!$B$5:$B$993,5)="FRSEO")+(LEFT('HZ-ASD Tracker'!$B$5:$B$993,1)="S")*ISNUMBER(--MID('HZ-ASD Tracker'!$B$5:$B$993,2,2))*(MID('HZ-ASD Tracker'!$B$5:$B$993,4,2)="-R")+(LEFT('HZ-ASD Tracker'!$B$5:$B$993,8)="REPLACE ")+ISNUMBER(SEARCH("/AD-",'HZ-ASD Tracker'!$B$5:$B$993)))>0)*('HZ-ASD Tracker'!$E$5:$E$993="Closed"))-SUMPRODUCT(('HZ-ASD Tracker'!$A$5:$A$993<>"")*(LEN('HZ-ASD Tracker'!$A$5:$A$993)=8)*ISNUMBER(--'HZ-ASD Tracker'!$A$5:$A$993)*(((LEFT('HZ-ASD Tracker'!$B$5:$B$993,3)="6Y_")+(LEFT('HZ-ASD Tracker'!$B$5:$B$993,4)="A_N ")+(LEFT('HZ-ASD Tracker'!$B$5:$B$993,4)="C_N ")+(LEFT('HZ-ASD Tracker'!$B$5:$B$993,4)="DCC-")+(LEFT('HZ-ASD Tracker'!$B$5:$B$993,4)="CCC-")+(LEFT('HZ-ASD Tracker'!$B$5:$B$993,4)="ISC-")+(LEFT('HZ-ASD Tracker'!$B$5:$B$993,7)="WEEKLY-"))>0)*('HZ-ASD Tracker'!$E$5:$E$993="Closed")))&" / "&(SUMPRODUCT(('HZ-ASD Tracker'!$A$5:$A$993<>"")*(LEN('HZ-ASD Tracker'!$A$5:$A$993)=8)*ISNUMBER(--'HZ-ASD Tracker'!$A$5:$A$993))-SUMPRODUCT(('HZ-ASD Tracker'!$A$5:$A$993<>"")*(LEN('HZ-ASD Tracker'!$A$5:$A$993)=8)*ISNUMBER(--'HZ-ASD Tracker'!$A$5:$A$993)*(((LEFT('HZ-ASD Tracker'!$B$5:$B$993,4)="EOD-")+(LEFT('HZ-ASD Tracker'!$B$5:$B$993,3)="EO-")+(LEFT('HZ-ASD Tracker'!$B$5:$B$993,3)="ER-")+(LEFT('HZ-ASD Tracker'!$B$5:$B$993,5)="FRSEO")+(LEFT('HZ-ASD Tracker'!$B$5:$B$993,1)="S")*ISNUMBER(--MID('HZ-ASD Tracker'!$B$5:$B$993,2,2))*(MID('HZ-ASD Tracker'!$B$5:$B$993,4,2)="-R")+(LEFT('HZ-ASD Tracker'!$B$5:$B$993,8)="REPLACE ")+ISNUMBER(SEARCH("/AD-",'HZ-ASD Tracker'!$B$5:$B$993)))>0))-SUMPRODUCT(('HZ-ASD Tracker'!$A$5:$A$993<>"")*(LEN('HZ-ASD Tracker'!$A$5:$A$993)=8)*ISNUMBER(--'HZ-ASD Tracker'!$A$5:$A$993)*(((LEFT('HZ-ASD Tracker'!$B$5:$B$993,3)="6Y_")+(LEFT('HZ-ASD Tracker'!$B$5:$B$993,4)="A_N ")+(LEFT('HZ-ASD Tracker'!$B$5:$B$993,4)="C_N ")+(LEFT('HZ-ASD Tracker'!$B$5:$B$993,4)="DCC-")+(LEFT('HZ-ASD Tracker'!$B$5:$B$993,4)="CCC-")+(LEFT('HZ-ASD Tracker'!$B$5:$B$993,4)="ISC-")+(LEFT('HZ-ASD Tracker'!$B$5:$B$993,7)="WEEKLY-"))>0)))
B16: =IFERROR("Completion: "&TEXT((COUNTIFS('HZ-ASD Tracker'!$A$5:$A$993,"<>",'HZ-ASD Tracker'!$E$5:$E$993,"Closed")-SUMPRODUCT(('HZ-ASD Tracker'!$A$5:$A$993<>"")*(LEN('HZ-ASD Tracker'!$A$5:$A$993)=8)*ISNUMBER(--'HZ-ASD Tracker'!$A$5:$A$993)*('HZ-ASD Tracker'!$E$5:$E$993="Closed"))+SUMPRODUCT(('HZ-ASD Tracker'!$A$5:$A$993<>"")*(LEN('HZ-ASD Tracker'!$A$5:$A$993)=8)*ISNUMBER(--'HZ-ASD Tracker'!$A$5:$A$993)*(((LEFT('HZ-ASD Tracker'!$B$5:$B$993,3)="6Y_")+(LEFT('HZ-ASD Tracker'!$B$5:$B$993,4)="A_N ")+(LEFT('HZ-ASD Tracker'!$B$5:$B$993,4)="C_N ")+(LEFT('HZ-ASD Tracker'!$B$5:$B$993,4)="DCC-")+(LEFT('HZ-ASD Tracker'!$B$5:$B$993,4)="CCC-")+(LEFT('HZ-ASD Tracker'!$B$5:$B$993,4)="ISC-")+(LEFT('HZ-ASD Tracker'!$B$5:$B$993,7)="WEEKLY-"))>0)*('HZ-ASD Tracker'!$E$5:$E$993="Closed")))/(COUNTIF('HZ-ASD Tracker'!$A$5:$A$993,"<>")-SUMPRODUCT(('HZ-ASD Tracker'!$A$5:$A$993<>"")*(LEN('HZ-ASD Tracker'!$A$5:$A$993)=8)*ISNUMBER(--'HZ-ASD Tracker'!$A$5:$A$993))+SUMPRODUCT(('HZ-ASD Tracker'!$A$5:$A$993<>"")*(LEN('HZ-ASD Tracker'!$A$5:$A$993)=8)*ISNUMBER(--'HZ-ASD Tracker'!$A$5:$A$993)*(((LEFT('HZ-ASD Tracker'!$B$5:$B$993,3)="6Y_")+(LEFT('HZ-ASD Tracker'!$B$5:$B$993,4)="A_N ")+(LEFT('HZ-ASD Tracker'!$B$5:$B$993,4)="C_N ")+(LEFT('HZ-ASD Tracker'!$B$5:$B$993,4)="DCC-")+(LEFT('HZ-ASD Tracker'!$B$5:$B$993,4)="CCC-")+(LEFT('HZ-ASD Tracker'!$B$5:$B$993,4)="ISC-")+(LEFT('HZ-ASD Tracker'!$B$5:$B$993,7)="WEEKLY-"))>0))),"0%"),"-") | E16: =IFERROR("Completion: "&TEXT(SUMPRODUCT(('HZ-ASD Tracker'!$A$5:$A$993<>"")*(LEN('HZ-ASD Tracker'!$A$5:$A$993)=8)*ISNUMBER(--'HZ-ASD Tracker'!$A$5:$A$993)*(((LEFT('HZ-ASD Tracker'!$B$5:$B$993,4)="EOD-")+(LEFT('HZ-ASD Tracker'!$B$5:$B$993,3)="EO-")+(LEFT('HZ-ASD Tracker'!$B$5:$B$993,3)="ER-")+(LEFT('HZ-ASD Tracker'!$B$5:$B$993,5)="FRSEO")+(LEFT('HZ-ASD Tracker'!$B$5:$B$993,1)="S")*ISNUMBER(--MID('HZ-ASD Tracker'!$B$5:$B$993,2,2))*(MID('HZ-ASD Tracker'!$B$5:$B$993,4,2)="-R")+(LEFT('HZ-ASD Tracker'!$B$5:$B$993,8)="REPLACE ")+ISNUMBER(SEARCH("/AD-",'HZ-ASD Tracker'!$B$5:$B$993)))>0)*('HZ-ASD Tracker'!$E$5:$E$993="Closed"))/SUMPRODUCT(('HZ-ASD Tracker'!$A$5:$A$993<>"")*(LEN('HZ-ASD Tracker'!$A$5:$A$993)=8)*ISNUMBER(--'HZ-ASD Tracker'!$A$5:$A$993)*(((LEFT('HZ-ASD Tracker'!$B$5:$B$993,4)="EOD-")+(LEFT('HZ-ASD Tracker'!$B$5:$B$993,3)="EO-")+(LEFT('HZ-ASD Tracker'!$B$5:$B$993,3)="ER-")+(LEFT('HZ-ASD Tracker'!$B$5:$B$993,5)="FRSEO")+(LEFT('HZ-ASD Tracker'!$B$5:$B$993,1)="S")*ISNUMBER(--MID('HZ-ASD Tracker'!$B$5:$B$993,2,2))*(MID('HZ-ASD Tracker'!$B$5:$B$993,4,2)="-R")+(LEFT('HZ-ASD Tracker'!$B$5:$B$993,8)="REPLACE ")+ISNUMBER(SEARCH("/AD-",'HZ-ASD Tracker'!$B$5:$B$993)))>0)),"0%"),"-")&IF(AND(ISNUMBER(LAYOVER!$B$22),ISNUMBER(LAYOVER!$C$22))," · Window: "&TEXT(MIN(MAX((TODAY()-LAYOVER!$B$22)/(LAYOVER!$C$22-LAYOVER!$B$22),0),1),"0%")&" elapsed","") | H16: =IFERROR("Completion: "&TEXT((SUMPRODUCT(('HZ-ASD Tracker'!$A$5:$A$993<>"")*(LEN('HZ-ASD Tracker'!$A$5:$A$993)=8)*ISNUMBER(--'HZ-ASD Tracker'!$A$5:$A$993)*('HZ-ASD Tracker'!$E$5:$E$993="Closed"))-SUMPRODUCT(('HZ-ASD Tracker'!$A$5:$A$993<>"")*(LEN('HZ-ASD Tracker'!$A$5:$A$993)=8)*ISNUMBER(--'HZ-ASD Tracker'!$A$5:$A$993)*(((LEFT('HZ-ASD Tracker'!$B$5:$B$993,4)="EOD-")+(LEFT('HZ-ASD Tracker'!$B$5:$B$993,3)="EO-")+(LEFT('HZ-ASD Tracker'!$B$5:$B$993,3)="ER-")+(LEFT('HZ-ASD Tracker'!$B$5:$B$993,5)="FRSEO")+(LEFT('HZ-ASD Tracker'!$B$5:$B$993,1)="S")*ISNUMBER(--MID('HZ-ASD Tracker'!$B$5:$B$993,2,2))*(MID('HZ-ASD Tracker'!$B$5:$B$993,4,2)="-R")+(LEFT('HZ-ASD Tracker'!$B$5:$B$993,8)="REPLACE ")+ISNUMBER(SEARCH("/AD-",'HZ-ASD Tracker'!$B$5:$B$993)))>0)*('HZ-ASD Tracker'!$E$5:$E$993="Closed"))-SUMPRODUCT(('HZ-ASD Tracker'!$A$5:$A$993<>"")*(LEN('HZ-ASD Tracker'!$A$5:$A$993)=8)*ISNUMBER(--'HZ-ASD Tracker'!$A$5:$A$993)*(((LEFT('HZ-ASD Tracker'!$B$5:$B$993,3)="6Y_")+(LEFT('HZ-ASD Tracker'!$B$5:$B$993,4)="A_N ")+(LEFT('HZ-ASD Tracker'!$B$5:$B$993,4)="C_N ")+(LEFT('HZ-ASD Tracker'!$B$5:$B$993,4)="DCC-")+(LEFT('HZ-ASD Tracker'!$B$5:$B$993,4)="CCC-")+(LEFT('HZ-ASD Tracker'!$B$5:$B$993,4)="ISC-")+(LEFT('HZ-ASD Tracker'!$B$5:$B$993,7)="WEEKLY-"))>0)*('HZ-ASD Tracker'!$E$5:$E$993="Closed")))/(SUMPRODUCT(('HZ-ASD Tracker'!$A$5:$A$993<>"")*(LEN('HZ-ASD Tracker'!$A$5:$A$993)=8)*ISNUMBER(--'HZ-ASD Tracker'!$A$5:$A$993))-SUMPRODUCT(('HZ-ASD Tracker'!$A$5:$A$993<>"")*(LEN('HZ-ASD Tracker'!$A$5:$A$993)=8)*ISNUMBER(--'HZ-ASD Tracker'!$A$5:$A$993)*(((LEFT('HZ-ASD Tracker'!$B$5:$B$993,4)="EOD-")+(LEFT('HZ-ASD Tracker'!$B$5:$B$993,3)="EO-")+(LEFT('HZ-ASD Tracker'!$B$5:$B$993,3)="ER-")+(LEFT('HZ-ASD Tracker'!$B$5:$B$993,5)="FRSEO")+(LEFT('HZ-ASD Tracker'!$B$5:$B$993,1)="S")*ISNUMBER(--MID('HZ-ASD Tracker'!$B$5:$B$993,2,2))*(MID('HZ-ASD Tracker'!$B$5:$B$993,4,2)="-R")+(LEFT('HZ-ASD Tracker'!$B$5:$B$993,8)="REPLACE ")+ISNUMBER(SEARCH("/AD-",'HZ-ASD Tracker'!$B$5:$B$993)))>0))-SUMPRODUCT(('HZ-ASD Tracker'!$A$5:$A$993<>"")*(LEN('HZ-ASD Tracker'!$A$5:$A$993)=8)*ISNUMBER(--'HZ-ASD Tracker'!$A$5:$A$993)*(((LEFT('HZ-ASD Tracker'!$B$5:$B$993,3)="6Y_")+(LEFT('HZ-ASD Tracker'!$B$5:$B$993,4)="A_N ")+(LEFT('HZ-ASD Tracker'!$B$5:$B$993,4)="C_N ")+(LEFT('HZ-ASD Tracker'!$B$5:$B$993,4)="DCC-")+(LEFT('HZ-ASD Tracker'!$B$5:$B$993,4)="CCC-")+(LEFT('HZ-ASD Tracker'!$B$5:$B$993,4)="ISC-")+(LEFT('HZ-ASD Tracker'!$B$5:$B$993,7)="WEEKLY-"))>0))),"0%"),"-")&" · Share: "&TEXT(IFERROR((SUMPRODUCT(('HZ-ASD Tracker'!$A$5:$A$993<>"")*(LEN('HZ-ASD Tracker'!$A$5:$A$993)=8)*ISNUMBER(--'HZ-ASD Tracker'!$A$5:$A$993))-SUMPRODUCT(('HZ-ASD Tracker'!$A$5:$A$993<>"")*(LEN('HZ-ASD Tracker'!$A$5:$A$993)=8)*ISNUMBER(--'HZ-ASD Tracker'!$A$5:$A$993)*(((LEFT('HZ-ASD Tracker'!$B$5:$B$993,4)="EOD-")+(LEFT('HZ-ASD Tracker'!$B$5:$B$993,3)="EO-")+(LEFT('HZ-ASD Tracker'!$B$5:$B$993,3)="ER-")+(LEFT('HZ-ASD Tracker'!$B$5:$B$993,5)="FRSEO")+(LEFT('HZ-ASD Tracker'!$B$5:$B$993,1)="S")*ISNUMBER(--MID('HZ-ASD Tracker'!$B$5:$B$993,2,2))*(MID('HZ-ASD Tracker'!$B$5:$B$993,4,2)="-R")+(LEFT('HZ-ASD Tracker'!$B$5:$B$993,8)="REPLACE ")+ISNUMBER(SEARCH("/AD-",'HZ-ASD Tracker'!$B$5:$B$993)))>0))-SUMPRODUCT(('HZ-ASD Tracker'!$A$5:$A$993<>"")*(LEN('HZ-ASD Tracker'!$A$5:$A$993)=8)*ISNUMBER(--'HZ-ASD Tracker'!$A$5:$A$993)*(((LEFT('HZ-ASD Tracker'!$B$5:$B$993,3)="6Y_")+(LEFT('HZ-ASD Tracker'!$B$5:$B$993,4)="A_N ")+(LEFT('HZ-ASD Tracker'!$B$5:$B$993,4)="C_N ")+(LEFT('HZ-ASD Tracker'!$B$5:$B$993,4)="DCC-")+(LEFT('HZ-ASD Tracker'!$B$5:$B$993,4)="CCC-")+(LEFT('HZ-ASD Tracker'!$B$5:$B$993,4)="ISC-")+(LEFT('HZ-ASD Tracker'!$B$5:$B$993,7)="WEEKLY-"))>0)))/COUNTIF('HZ-ASD Tracker'!$A$5:$A$993,"<>"),0),"0%")&IF(AND(ISNUMBER(LAYOVER!$B$21),ISNUMBER(LAYOVER!$C$21))," · Window: "&TEXT(MIN(MAX((TODAY()-LAYOVER!$B$21)/(LAYOVER!$C$21-LAYOVER!$B$21),0),1),"0%")&" elapsed","")
A18: OPEN UP / ACCESS — removed items | G18: =IF(NOT(ISNUMBER(LAYOVER!$C$28)),"🔒 Cabin close-up: date TBD",IF(TODAY()>LAYOVER!$C$28,"🔒 Close-up date passed — "&COUNTIFS('OPEN UP-ACCESS'!$B$4:$B$504,"<>",'OPEN UP-ACCESS'!$F$4:$F$504,"Open")&" still open","🔒 Close-up in "&(LAYOVER!$C$28-TODAY())&" day(s) · "&COUNTIFS('OPEN UP-ACCESS'!$B$4:$B$504,"<>",'OPEN UP-ACCESS'!$F$4:$F$504,"Open")&" still open"))
B20: ⚠️ STILL OPEN | C20: =COUNTIFS('OPEN UP-ACCESS'!$B$4:$B$504,"<>",'OPEN UP-ACCESS'!$F$4:$F$504,"Open") | E20: PARTIALLY | F20: =COUNTIFS('OPEN UP-ACCESS'!$B$4:$B$504,"<>",'OPEN UP-ACCESS'!$F$4:$F$504,"Partially") | H20: RE-INSTALLED | I20: =COUNTIFS('OPEN UP-ACCESS'!$B$4:$B$504,"<>",'OPEN UP-ACCESS'!$F$4:$F$504,"Re-Installed")
B21: ="of "&COUNTIF('OPEN UP-ACCESS'!$B$4:$B$504,"<>")&" recorded items" | E21: ="need completion before closing" | H21: =IFERROR("Restoration: "&TEXT(COUNTIFS('OPEN UP-ACCESS'!$B$4:$B$504,"<>",'OPEN UP-ACCESS'!$F$4:$F$504,"Re-Installed")/COUNTIF('OPEN UP-ACCESS'!$B$4:$B$504,"<>"),"0%"),"-")
A23: BY CATEGORY
B25: ACFT GENERAL T/C | C25: =IFERROR(COUNTIFS('HZ-ASD Tracker'!$A$5:$A$993,"<>",'HZ-ASD Tracker'!$D$5:$D$993,"ACFT GENERAL T/C",'HZ-ASD Tracker'!$E$5:$E$993,"Closed")&" / "&COUNTIFS('HZ-ASD Tracker'!$A$5:$A$993,"<>",'HZ-ASD Tracker'!$D$5:$D$993,"ACFT GENERAL T/C"),"-") | E25: LAVATORY | F25: =IFERROR(COUNTIFS('HZ-ASD Tracker'!$A$5:$A$993,"<>",'HZ-ASD Tracker'!$D$5:$D$993,"LAVATORY",'HZ-ASD Tracker'!$E$5:$E$993,"Closed")&" / "&COUNTIFS('HZ-ASD Tracker'!$A$5:$A$993,"<>",'HZ-ASD Tracker'!$D$5:$D$993,"LAVATORY"),"-") | H25: GALLEY | I25: =IFERROR(COUNTIFS('HZ-ASD Tracker'!$A$5:$A$993,"<>",'HZ-ASD Tracker'!$D$5:$D$993,"GALLEY",'HZ-ASD Tracker'!$E$5:$E$993,"Closed")&" / "&COUNTIFS('HZ-ASD Tracker'!$A$5:$A$993,"<>",'HZ-ASD Tracker'!$D$5:$D$993,"GALLEY"),"-")
B26: =IFERROR("Completion: "&TEXT(COUNTIFS('HZ-ASD Tracker'!$A$5:$A$993,"<>",'HZ-ASD Tracker'!$D$5:$D$993,"ACFT GENERAL T/C",'HZ-ASD Tracker'!$E$5:$E$993,"Closed")/COUNTIFS('HZ-ASD Tracker'!$A$5:$A$993,"<>",'HZ-ASD Tracker'!$D$5:$D$993,"ACFT GENERAL T/C"),"0%"),"-") | E26: =IFERROR("Completion: "&TEXT(COUNTIFS('HZ-ASD Tracker'!$A$5:$A$993,"<>",'HZ-ASD Tracker'!$D$5:$D$993,"LAVATORY",'HZ-ASD Tracker'!$E$5:$E$993,"Closed")/COUNTIFS('HZ-ASD Tracker'!$A$5:$A$993,"<>",'HZ-ASD Tracker'!$D$5:$D$993,"LAVATORY"),"0%"),"-") | H26: =IFERROR("Completion: "&TEXT(COUNTIFS('HZ-ASD Tracker'!$A$5:$A$993,"<>",'HZ-ASD Tracker'!$D$5:$D$993,"GALLEY",'HZ-ASD Tracker'!$E$5:$E$993,"Closed")/COUNTIFS('HZ-ASD Tracker'!$A$5:$A$993,"<>",'HZ-ASD Tracker'!$D$5:$D$993,"GALLEY"),"0%"),"-")
B28: GENERAL CABIN | C28: =IFERROR(COUNTIFS('HZ-ASD Tracker'!$D$5:$D$993,"GENERAL CABIN",'HZ-ASD Tracker'!$E$5:$E$993,"Closed",'HZ-ASD Tracker'!$A$5:$A$993,"<>")&" / "&COUNTIFS('HZ-ASD Tracker'!$D$5:$D$993,"GENERAL CABIN",'HZ-ASD Tracker'!$A$5:$A$993,"<>"),"-") | E28: TEDLAR/SIDEWALL | F28: =IFERROR(COUNTIFS('HZ-ASD Tracker'!$A$5:$A$993,"<>",'HZ-ASD Tracker'!$D$5:$D$993,"TEDLAR/SIDEWALL",'HZ-ASD Tracker'!$E$5:$E$993,"Closed")&" / "&COUNTIFS('HZ-ASD Tracker'!$A$5:$A$993,"<>",'HZ-ASD Tracker'!$D$5:$D$993,"TEDLAR/SIDEWALL"),"-") | H28: PAX SEAT | I28: =IFERROR(COUNTIFS('HZ-ASD Tracker'!$A$5:$A$993,"<>",'HZ-ASD Tracker'!$D$5:$D$993,"PAX SEAT",'HZ-ASD Tracker'!$E$5:$E$993,"Closed")&" / "&COUNTIFS('HZ-ASD Tracker'!$A$5:$A$993,"<>",'HZ-ASD Tracker'!$D$5:$D$993,"PAX SEAT"),"-")
B29: =IFERROR("Completion: "&TEXT(COUNTIFS('HZ-ASD Tracker'!$D$5:$D$993,"GENERAL CABIN",'HZ-ASD Tracker'!$E$5:$E$993,"Closed",'HZ-ASD Tracker'!$A$5:$A$993,"<>")/COUNTIFS('HZ-ASD Tracker'!$D$5:$D$993,"GENERAL CABIN",'HZ-ASD Tracker'!$A$5:$A$993,"<>"),"0%"),"-") | E29: =IFERROR("Completion: "&TEXT(COUNTIFS('HZ-ASD Tracker'!$A$5:$A$993,"<>",'HZ-ASD Tracker'!$D$5:$D$993,"TEDLAR/SIDEWALL",'HZ-ASD Tracker'!$E$5:$E$993,"Closed")/COUNTIFS('HZ-ASD Tracker'!$A$5:$A$993,"<>",'HZ-ASD Tracker'!$D$5:$D$993,"TEDLAR/SIDEWALL"),"0%"),"-") | H29: =IFERROR("Completion: "&TEXT(COUNTIFS('HZ-ASD Tracker'!$A$5:$A$993,"<>",'HZ-ASD Tracker'!$D$5:$D$993,"PAX SEAT",'HZ-ASD Tracker'!$E$5:$E$993,"Closed")/COUNTIFS('HZ-ASD Tracker'!$A$5:$A$993,"<>",'HZ-ASD Tracker'!$D$5:$D$993,"PAX SEAT"),"0%"),"-")
B31: PAX DOORS | C31: =IFERROR(COUNTIFS('HZ-ASD Tracker'!$A$5:$A$993,"<>",'HZ-ASD Tracker'!$D$5:$D$993,"PAX DOORS",'HZ-ASD Tracker'!$E$5:$E$993,"Closed")&" / "&COUNTIFS('HZ-ASD Tracker'!$A$5:$A$993,"<>",'HZ-ASD Tracker'!$D$5:$D$993,"PAX DOORS"),"-") | E31: F/A SEAT | F31: =IFERROR(COUNTIFS('HZ-ASD Tracker'!$A$5:$A$993,"<>",'HZ-ASD Tracker'!$D$5:$D$993,"F/A SEAT",'HZ-ASD Tracker'!$E$5:$E$993,"Closed")&" / "&COUNTIFS('HZ-ASD Tracker'!$A$5:$A$993,"<>",'HZ-ASD Tracker'!$D$5:$D$993,"F/A SEAT"),"-") | H31: =IF($M$31=0,"—",$L$31&" / "&$M$31) | I31: =IFERROR((COUNTIFS('HZ-ASD Tracker'!$A$5:$A$993,"<>",'HZ-ASD Tracker'!$E$5:$E$993,"Closed")-(COUNTIFS('HZ-ASD Tracker'!$A$5:$A$993,"<>",'HZ-ASD Tracker'!$D$5:$D$993,"ACFT GENERAL T/C",'HZ-ASD Tracker'!$E$5:$E$993,"Closed")+COUNTIFS('HZ-ASD Tracker'!$A$5:$A$993,"<>",'HZ-ASD Tracker'!$D$5:$D$993,"LAVATORY",'HZ-ASD Tracker'!$E$5:$E$993,"Closed")+COUNTIFS('HZ-ASD Tracker'!$A$5:$A$993,"<>",'HZ-ASD Tracker'!$D$5:$D$993,"GALLEY",'HZ-ASD Tracker'!$E$5:$E$993,"Closed")+COUNTIFS('HZ-ASD Tracker'!$A$5:$A$993,"<>",'HZ-ASD Tracker'!$D$5:$D$993,"GENERAL CABIN",'HZ-ASD Tracker'!$E$5:$E$993,"Closed")+COUNTIFS('HZ-ASD Tracker'!$A$5:$A$993,"<>",'HZ-ASD Tracker'!$D$5:$D$993,"TEDLAR/SIDEWALL",'HZ-ASD Tracker'!$E$5:$E$993,"Closed")+COUNTIFS('HZ-ASD Tracker'!$A$5:$A$993,"<>",'HZ-ASD Tracker'!$D$5:$D$993,"PAX SEAT",'HZ-ASD Tracker'!$E$5:$E$993,"Closed")+COUNTIFS('HZ-ASD Tracker'!$A$5:$A$993,"<>",'HZ-ASD Tracker'!$D$5:$D$993,"PAX DOORS",'HZ-ASD Tracker'!$E$5:$E$993,"Closed")+COUNTIFS('HZ-ASD Tracker'!$A$5:$A$993,"<>",'HZ-ASD Tracker'!$D$5:$D$993,"F/A SEAT",'HZ-ASD Tracker'!$E$5:$E$993,"Closed")+COUNTIFS('HZ-ASD Tracker'!$A$5:$A$993,"<>",'HZ-ASD Tracker'!$D$5:$D$993,"OFAR/OFCR",'HZ-ASD Tracker'!$E$5:$E$993,"Closed")+COUNTIFS('HZ-ASD Tracker'!$A$5:$A$993,"<>",'HZ-ASD Tracker'!$D$5:$D$993,"ACCESS")+COUNTIFS('HZ-ASD Tracker'!$A$5:$A$993,"<>",'HZ-ASD Tracker'!$D$5:$D$993,"ACCESS",'HZ-ASD Tracker'!$E$5:$E$993,"Closed")+COUNTIFS('HZ-ASD Tracker'!$A$5:$A$993,"<>",'HZ-ASD Tracker'!$D$5:$D$993,"FLIGHT DECK",'HZ-ASD Tracker'!$E$5:$E$993,"Closed")))&" / "&(COUNTIFS('HZ-ASD Tracker'!$A$5:$A$993,"<>")-(COUNTIFS('HZ-ASD Tracker'!$A$5:$A$993,"<>",'HZ-ASD Tracker'!$D$5:$D$993,"ACFT GENERAL T/C")+COUNTIFS('HZ-ASD Tracker'!$A$5:$A$993,"<>",'HZ-ASD Tracker'!$D$5:$D$993,"LAVATORY")+COUNTIFS('HZ-ASD Tracker'!$A$5:$A$993,"<>",'HZ-ASD Tracker'!$D$5:$D$993,"GALLEY")+COUNTIFS('HZ-ASD Tracker'!$A$5:$A$993,"<>",'HZ-ASD Tracker'!$D$5:$D$993,"GENERAL CABIN")+COUNTIFS('HZ-ASD Tracker'!$A$5:$A$993,"<>",'HZ-ASD Tracker'!$D$5:$D$993,"TEDLAR/SIDEWALL")+COUNTIFS('HZ-ASD Tracker'!$A$5:$A$993,"<>",'HZ-ASD Tracker'!$D$5:$D$993,"PAX SEAT")+COUNTIFS('HZ-ASD Tracker'!$A$5:$A$993,"<>",'HZ-ASD Tracker'!$D$5:$D$993,"PAX DOORS")+COUNTIFS('HZ-ASD Tracker'!$A$5:$A$993,"<>",'HZ-ASD Tracker'!$D$5:$D$993,"F/A SEAT")+COUNTIFS('HZ-ASD Tracker'!$A$5:$A$993,"<>",'HZ-ASD Tracker'!$D$5:$D$993,"OFAR/OFCR")+COUNTIFS('HZ-ASD Tracker'!$A$5:$A$993,"<>",'HZ-ASD Tracker'!$D$5:$D$993,"ACCESS")+COUNTIFS('HZ-ASD Tracker'!$A$5:$A$993,"<>",'HZ-ASD Tracker'!$D$5:$D$993,"FLIGHT DECK"))),"-") | L31: =COUNTIFS('HZ-ASD Tracker'!$A$5:$A$993,"<>",'HZ-ASD Tracker'!$E$5:$E$993,"Closed")-(COUNTIFS('HZ-ASD Tracker'!$A$5:$A$993,"<>",'HZ-ASD Tracker'!$D$5:$D$993,"ACFT GENERAL T/C",'HZ-ASD Tracker'!$E$5:$E$993,"Closed")+COUNTIFS('HZ-ASD Tracker'!$A$5:$A$993,"<>",'HZ-ASD Tracker'!$D$5:$D$993,"LAVATORY",'HZ-ASD Tracker'!$E$5:$E$993,"Closed")+COUNTIFS('HZ-ASD Tracker'!$A$5:$A$993,"<>",'HZ-ASD Tracker'!$D$5:$D$993,"GALLEY",'HZ-ASD Tracker'!$E$5:$E$993,"Closed")+COUNTIFS('HZ-ASD Tracker'!$A$5:$A$993,"<>",'HZ-ASD Tracker'!$D$5:$D$993,"GENERAL CABIN",'HZ-ASD Tracker'!$E$5:$E$993,"Closed")+COUNTIFS('HZ-ASD Tracker'!$A$5:$A$993,"<>",'HZ-ASD Tracker'!$D$5:$D$993,"TEDLAR/SIDEWALL",'HZ-ASD Tracker'!$E$5:$E$993,"Closed")+COUNTIFS('HZ-ASD Tracker'!$A$5:$A$993,"<>",'HZ-ASD Tracker'!$D$5:$D$993,"PAX SEAT",'HZ-ASD Tracker'!$E$5:$E$993,"Closed")+COUNTIFS('HZ-ASD Tracker'!$A$5:$A$993,"<>",'HZ-ASD Tracker'!$D$5:$D$993,"PAX DOORS",'HZ-ASD Tracker'!$E$5:$E$993,"Closed")+COUNTIFS('HZ-ASD Tracker'!$A$5:$A$993,"<>",'HZ-ASD Tracker'!$D$5:$D$993,"F/A SEAT",'HZ-ASD Tracker'!$E$5:$E$993,"Closed")+COUNTIFS('HZ-ASD Tracker'!$A$5:$A$993,"<>",'HZ-ASD Tracker'!$D$5:$D$993,"OFAR/OFCR",'HZ-ASD Tracker'!$E$5:$E$993,"Closed")+COUNTIFS('HZ-ASD Tracker'!$A$5:$A$993,"<>",'HZ-ASD Tracker'!$D$5:$D$993,"FLIGHT DECK",'HZ-ASD Tracker'!$E$5:$E$993,"Closed")+COUNTIFS('HZ-ASD Tracker'!$A$5:$A$993,"<>",'HZ-ASD Tracker'!$D$5:$D$993,"ACCESS",'HZ-ASD Tracker'!$E$5:$E$993,"Closed")) | M31: =COUNTIF('HZ-ASD Tracker'!$A$5:$A$993,"<>")-(COUNTIFS('HZ-ASD Tracker'!$A$5:$A$993,"<>",'HZ-ASD Tracker'!$D$5:$D$993,"ACFT GENERAL T/C")+COUNTIFS('HZ-ASD Tracker'!$A$5:$A$993,"<>",'HZ-ASD Tracker'!$D$5:$D$993,"LAVATORY")+COUNTIFS('HZ-ASD Tracker'!$A$5:$A$993,"<>",'HZ-ASD Tracker'!$D$5:$D$993,"GALLEY")+COUNTIFS('HZ-ASD Tracker'!$A$5:$A$993,"<>",'HZ-ASD Tracker'!$D$5:$D$993,"GENERAL CABIN")+COUNTIFS('HZ-ASD Tracker'!$A$5:$A$993,"<>",'HZ-ASD Tracker'!$D$5:$D$993,"TEDLAR/SIDEWALL")+COUNTIFS('HZ-ASD Tracker'!$A$5:$A$993,"<>",'HZ-ASD Tracker'!$D$5:$D$993,"PAX SEAT")+COUNTIFS('HZ-ASD Tracker'!$A$5:$A$993,"<>",'HZ-ASD Tracker'!$D$5:$D$993,"PAX DOORS")+COUNTIFS('HZ-ASD Tracker'!$A$5:$A$993,"<>",'HZ-ASD Tracker'!$D$5:$D$993,"F/A SEAT")+COUNTIFS('HZ-ASD Tracker'!$A$5:$A$993,"<>",'HZ-ASD Tracker'!$D$5:$D$993,"OFAR/OFCR")+COUNTIFS('HZ-ASD Tracker'!$A$5:$A$993,"<>",'HZ-ASD Tracker'!$D$5:$D$993,"FLIGHT DECK")+COUNTIFS('HZ-ASD Tracker'!$A$5:$A$993,"<>",'HZ-ASD Tracker'!$D$5:$D$993,"ACCESS"))
B32: =IFERROR("Completion: "&TEXT(COUNTIFS('HZ-ASD Tracker'!$A$5:$A$993,"<>",'HZ-ASD Tracker'!$D$5:$D$993,"PAX DOORS",'HZ-ASD Tracker'!$E$5:$E$993,"Closed")/COUNTIFS('HZ-ASD Tracker'!$A$5:$A$993,"<>",'HZ-ASD Tracker'!$D$5:$D$993,"PAX DOORS"),"0%"),"-") | E32: =IFERROR("Completion: "&TEXT(COUNTIFS('HZ-ASD Tracker'!$A$5:$A$993,"<>",'HZ-ASD Tracker'!$D$5:$D$993,"F/A SEAT",'HZ-ASD Tracker'!$E$5:$E$993,"Closed")/COUNTIFS('HZ-ASD Tracker'!$A$5:$A$993,"<>",'HZ-ASD Tracker'!$D$5:$D$993,"F/A SEAT"),"0%"),"-") | H32: =IF($M$31=0,"—","Completion: "&TEXT(IFERROR($L$31/$M$31,0),"0%"))
B34: FLIGHT DECK | C34: =IFERROR(COUNTIFS('HZ-ASD Tracker'!$A$5:$A$993,"<>",'HZ-ASD Tracker'!$D$5:$D$993,"FLIGHT DECK",'HZ-ASD Tracker'!$E$5:$E$993,"Closed")&" / "&COUNTIFS('HZ-ASD Tracker'!$A$5:$A$993,"<>",'HZ-ASD Tracker'!$D$5:$D$993,"FLIGHT DECK"),"-") | E34: ACCESS | F34: =IFERROR(COUNTIFS('HZ-ASD Tracker'!$A$5:$A$993,"<>",'HZ-ASD Tracker'!$D$5:$D$993,"ACCESS",'HZ-ASD Tracker'!$E$5:$E$993,"Closed")&" / "&COUNTIFS('HZ-ASD Tracker'!$A$5:$A$993,"<>",'HZ-ASD Tracker'!$D$5:$D$993,"ACCESS"),"-")
B35: =IFERROR("Completion: "&TEXT(COUNTIFS('HZ-ASD Tracker'!$A$5:$A$993,"<>",'HZ-ASD Tracker'!$D$5:$D$993,"FLIGHT DECK",'HZ-ASD Tracker'!$E$5:$E$993,"Closed")/COUNTIFS('HZ-ASD Tracker'!$A$5:$A$993,"<>",'HZ-ASD Tracker'!$D$5:$D$993,"FLIGHT DECK"),"0%"),"-") | E35: =IFERROR("Completion: "&TEXT(COUNTIFS('HZ-ASD Tracker'!$A$5:$A$993,"<>",'HZ-ASD Tracker'!$D$5:$D$993,"ACCESS",'HZ-ASD Tracker'!$E$5:$E$993,"Closed")/COUNTIFS('HZ-ASD Tracker'!$A$5:$A$993,"<>",'HZ-ASD Tracker'!$D$5:$D$993,"ACCESS"),"0%"),"-")
A37: SPECIALTY
B39: CABIN | C39: =IFERROR(COUNTIFS('HZ-ASD Tracker'!$A$5:$A$993,"<>",'HZ-ASD Tracker'!$G$5:$G$993,"CAB",'HZ-ASD Tracker'!$E$5:$E$993,"Closed")&" / "&COUNTIFS('HZ-ASD Tracker'!$A$5:$A$993,"<>",'HZ-ASD Tracker'!$G$5:$G$993,"CAB"),"-") | E39: SEAT SHOP | F39: =IFERROR(COUNTIFS('HZ-ASD Tracker'!$A$5:$A$993,"<>",'HZ-ASD Tracker'!$G$5:$G$993,"SEAT",'HZ-ASD Tracker'!$E$5:$E$993,"Closed")&" / "&COUNTIFS('HZ-ASD Tracker'!$A$5:$A$993,"<>",'HZ-ASD Tracker'!$G$5:$G$993,"SEAT"),"-") | H39: AV/FOMAX | I39: =IFERROR(COUNTIFS('HZ-ASD Tracker'!$A$5:$A$993,"<>",'HZ-ASD Tracker'!$G$5:$G$993,"AV",'HZ-ASD Tracker'!$E$5:$E$993,"Closed")&" / "&COUNTIFS('HZ-ASD Tracker'!$A$5:$A$993,"<>",'HZ-ASD Tracker'!$G$5:$G$993,"AV"),"-")
B40: =IFERROR("Completion: "&TEXT(COUNTIFS('HZ-ASD Tracker'!$A$5:$A$993,"<>",'HZ-ASD Tracker'!$G$5:$G$993,"CAB",'HZ-ASD Tracker'!$E$5:$E$993,"Closed")/COUNTIFS('HZ-ASD Tracker'!$A$5:$A$993,"<>",'HZ-ASD Tracker'!$G$5:$G$993,"CAB"),"0%"),"-") | E40: =IFERROR("Completion: "&TEXT(COUNTIFS('HZ-ASD Tracker'!$A$5:$A$993,"<>",'HZ-ASD Tracker'!$G$5:$G$993,"SEAT",'HZ-ASD Tracker'!$E$5:$E$993,"Closed")/COUNTIFS('HZ-ASD Tracker'!$A$5:$A$993,"<>",'HZ-ASD Tracker'!$G$5:$G$993,"SEAT"),"0%"),"-") | H40: =IFERROR("Completion: "&TEXT(COUNTIFS('HZ-ASD Tracker'!$A$5:$A$993,"<>",'HZ-ASD Tracker'!$G$5:$G$993,"AV",'HZ-ASD Tracker'!$E$5:$E$993,"Closed")/COUNTIFS('HZ-ASD Tracker'!$A$5:$A$993,"<>",'HZ-ASD Tracker'!$G$5:$G$993,"AV"),"0%"),"-")
B42: SIDEWALL | C42: =IFERROR(COUNTIFS('HZ-ASD Tracker'!$A$5:$A$993,"<>",'HZ-ASD Tracker'!$G$5:$G$993,"WALL",'HZ-ASD Tracker'!$E$5:$E$993,"Closed")&" / "&COUNTIFS('HZ-ASD Tracker'!$A$5:$A$993,"<>",'HZ-ASD Tracker'!$G$5:$G$993,"WALL"),"-") | E42: S/M | F42: =IFERROR(COUNTIFS('HZ-ASD Tracker'!$A$5:$A$993,"<>",'HZ-ASD Tracker'!$G$5:$G$993,"S/M",'HZ-ASD Tracker'!$E$5:$E$993,"Closed")&" / "&COUNTIFS('HZ-ASD Tracker'!$A$5:$A$993,"<>",'HZ-ASD Tracker'!$G$5:$G$993,"S/M"),"-") | H42: PAINT | I42: =IFERROR(COUNTIFS('HZ-ASD Tracker'!$A$5:$A$993,"<>",'HZ-ASD Tracker'!$G$5:$G$993,"PAINT",'HZ-ASD Tracker'!$E$5:$E$993,"Closed")&" / "&COUNTIFS('HZ-ASD Tracker'!$A$5:$A$993,"<>",'HZ-ASD Tracker'!$G$5:$G$993,"PAINT"),"-")
B43: =IFERROR("Completion: "&TEXT(COUNTIFS('HZ-ASD Tracker'!$A$5:$A$993,"<>",'HZ-ASD Tracker'!$G$5:$G$993,"WALL",'HZ-ASD Tracker'!$E$5:$E$993,"Closed")/COUNTIFS('HZ-ASD Tracker'!$A$5:$A$993,"<>",'HZ-ASD Tracker'!$G$5:$G$993,"WALL"),"0%"),"-") | E43: =IFERROR("Completion: "&TEXT(COUNTIFS('HZ-ASD Tracker'!$A$5:$A$993,"<>",'HZ-ASD Tracker'!$G$5:$G$993,"S/M",'HZ-ASD Tracker'!$E$5:$E$993,"Closed")/COUNTIFS('HZ-ASD Tracker'!$A$5:$A$993,"<>",'HZ-ASD Tracker'!$G$5:$G$993,"S/M"),"0%"),"-") | H43: =IFERROR("Completion: "&TEXT(COUNTIFS('HZ-ASD Tracker'!$A$5:$A$993,"<>",'HZ-ASD Tracker'!$G$5:$G$993,"PAINT",'HZ-ASD Tracker'!$E$5:$E$993,"Closed")/COUNTIFS('HZ-ASD Tracker'!$A$5:$A$993,"<>",'HZ-ASD Tracker'!$G$5:$G$993,"PAINT"),"0%"),"-")
B45: JOINT | C45: =IFERROR(COUNTIFS('HZ-ASD Tracker'!$A$5:$A$993,"<>",'HZ-ASD Tracker'!$G$5:$G$993,"JOINT",'HZ-ASD Tracker'!$E$5:$E$993,"Closed")&" / "&COUNTIFS('HZ-ASD Tracker'!$A$5:$A$993,"<>",'HZ-ASD Tracker'!$G$5:$G$993,"JOINT"),"-") | E45: INSP | F45: =IFERROR(COUNTIFS('HZ-ASD Tracker'!$A$5:$A$993,"<>",'HZ-ASD Tracker'!$G$5:$G$993,"INSP",'HZ-ASD Tracker'!$E$5:$E$993,"Closed")&" / "&COUNTIFS('HZ-ASD Tracker'!$A$5:$A$993,"<>",'HZ-ASD Tracker'!$G$5:$G$993,"INSP"),"-") | H45: A/P | I45: =IFERROR(COUNTIFS('HZ-ASD Tracker'!$A$5:$A$993,"<>",'HZ-ASD Tracker'!$G$5:$G$993,"AP",'HZ-ASD Tracker'!$E$5:$E$993,"Closed")&" / "&COUNTIFS('HZ-ASD Tracker'!$A$5:$A$993,"<>",'HZ-ASD Tracker'!$G$5:$G$993,"AP"),"-")
B46: =IFERROR("Completion: "&TEXT(COUNTIFS('HZ-ASD Tracker'!$A$5:$A$993,"<>",'HZ-ASD Tracker'!$G$5:$G$993,"JOINT",'HZ-ASD Tracker'!$E$5:$E$993,"Closed")/COUNTIFS('HZ-ASD Tracker'!$A$5:$A$993,"<>",'HZ-ASD Tracker'!$G$5:$G$993,"JOINT"),"0%"),"-") | E46: =IFERROR("Completion: "&TEXT(COUNTIFS('HZ-ASD Tracker'!$A$5:$A$993,"<>",'HZ-ASD Tracker'!$G$5:$G$993,"INSP",'HZ-ASD Tracker'!$E$5:$E$993,"Closed")/COUNTIFS('HZ-ASD Tracker'!$A$5:$A$993,"<>",'HZ-ASD Tracker'!$G$5:$G$993,"INSP"),"0%"),"-") | H46: =IFERROR("Completion: "&TEXT(COUNTIFS('HZ-ASD Tracker'!$A$5:$A$993,"<>",'HZ-ASD Tracker'!$G$5:$G$993,"AP",'HZ-ASD Tracker'!$E$5:$E$993,"Closed")/COUNTIFS('HZ-ASD Tracker'!$A$5:$A$993,"<>",'HZ-ASD Tracker'!$G$5:$G$993,"AP"),"0%"),"-")
A48: PARTS REQUIREMENTS (count of WOs with each status)
B50: Requested | C50: =COUNTIFS('HZ-ASD Tracker'!A5:A993,"<>",'HZ-ASD Tracker'!H5:H993,"Requested") | E50: Requested – CR | F50: =COUNTIFS('HZ-ASD Tracker'!A5:A993,"<>",'HZ-ASD Tracker'!H5:H993,"Requested - CR") | H50: Requested – R | I50: =COUNTIFS('HZ-ASD Tracker'!A5:A993,"<>",'HZ-ASD Tracker'!H5:H993,"Requested - R")
B52: Pending - Require Evaluation | C52: =COUNTIFS('HZ-ASD Tracker'!A5:A993,"<>",'HZ-ASD Tracker'!H5:H993,"Pending EVAL") | E52: N/R (not required) | F52: =COUNTIFS('HZ-ASD Tracker'!A5:A993,"<>",'HZ-ASD Tracker'!H5:H993,"N/R") | H52: N/A (Not available) | I52: =COUNTIFS('HZ-ASD Tracker'!A5:A993,"<>",'HZ-ASD Tracker'!H5:H993,"N/A")

Sheet NOTES
A1: Backup of the retired DASHBOARD OLD sheet (removed 31-Jul-2026).
A2: Formulas preserved as text where applicable. Restore: copy cells back into a sheet named DASHBOARD OLD.
