Workbook

Sheet HZ-ASD Tracker
A1: POOL CABIN ✈ HZ-ASD ✈ C2+6Y CHECK WORK PACKAGE TRACKER | E1: ="DAY "&(TODAY()-DATE(2026,7,18)+1)&"/38"&IF(TODAY()>DATE(2026,8,24)," ⛔ OVR +"&(TODAY()-DATE(2026,8,24))&"d"," · "&(DATE(2026,8,24)-TODAY())&"d LEFT")&" · BIS 3-SEP" -> DAY 40/38 ⛔ OVR +2d · BIS 3-SEP | H1: ="✅ "&COUNTIFS(A4:A994,"<>",E4:E994,"Closed")&" / "&COUNTIF(A4:A994,"<>")&" Closed ("&TEXT(IFERROR(COUNTIFS(A4:A994,"<>",E4:E994,"Closed")/COUNTIF(A4:A994,"<>"),0),"0%")&")" -> ✅ 311 / 465 Closed (67%)
A2: =IF(COUNT($L$4:$L$994)=0,"No dated updates yet — type todays date (e.g. 19/7) in column L when you edit a row","LAST UPDATE: "&TEXT(MAX($L$4:$L$994),"DD-MMM")&" · "&COUNTIF($L$4:$L$994,MAX($L$4:$L$994))&" row(s) updated — filter column L for details") -> LAST UPDATE: 25-Aug · 63 row(s) updated — filter column L for details | H2: ="🔴 AOG WO: "&COUNTIFS(A4:A994,"<>",F4:F994,"AOG",E4:E994,"<>Closed")&" ⚠️ Critical WO: "&COUNTIFS(A4:A994,"<>",F4:F994,"Critical",E4:E994,"<>Closed")&" 🔓 Access WO: "&COUNTIFS(A4:A994,"<>",F4:F994,"ACCESS",E4:E994,"<>Closed") -> 🔴 AOG WO: 1 ⚠️ Critical WO: 13 🔓 Access WO: 28
A3: WO / Event Number | B3: Task Description | C3: Seq. No. | D3: Category | E3: Status | F3: Priority | G3: Specialty | H3: PARTS REQ. | I3: Remarks | J3: Time EVAL? | K3: AREA | L3: Updated | M3: Closed Date | N3: Est MH | O3: ATA | P3: Booked MH | Q3: Actual Dur (h)
A4: 200125-06-1 | B4: 200125-06-1 (2) / LATERAL AVIONICS COMPT INSP | C4: 11 | D4: ACFT GENERAL T/C | E4: Closed | F4: Critical | G4: JOINT | K4: FWD | L4: 46259 | M4: 46257 | N4: 10.15 | P4: 26.5 | Q4: 49.9
A5: 200145-01-1 | B5: 200145-01-1 (2) / ZONE UNDER CABIN FLOOR CLEANING | C5: 18 | D5: ACFT GENERAL T/C | E5: Open | F5: Critical | G5: JOINT | I5: CABIN ACCESS | K5: AFT | N5: 0 | P5: 14 | Q5: 573.9
A6: 200231-03-1 | B6: 200231-03-1 (2) / FORWARD PASSENGER COMPARTMENT INSP | C6: 24 | D6: GENERAL CABIN | E6: Closed | F6: Normal | G6: JOINT | I6: C/W | J6: N/A | K6: FWD | L6: 46225 | M6: 46225 | N6: 7.15 | O6: 24-92 | P6: 13.5 | Q6: 22.17
A7: 200241-04-1 | B7: 200241-04-1 (2) / CENTER PASSENGER COMPARTMENT INSP | C7: 25 | D7: GENERAL CABIN | E7: Closed | F7: Normal | G7: JOINT | I7: CAB + INSP / REMINE CLOSE UP | J7: N/A | K7: AFT | L7: 46259 | M7: 46257 | N7: 7.15 | O7: 24-92 | P7: 17 | Q7: 795.2
A8: 200251-03-1 | B8: 200251-03-1 (2) / AFT PASSENGER COMPARTMENT INSPECTION | C8: 26 | D8: GENERAL CABIN | E8: Closed | F8: Normal | G8: JOINT | I8: CAB + INSP / REMINE CLOSE UP | J8: N/A | K8: AFT | L8: 46259 | M8: 46258 | N8: 7.15 | O8: 24-92 | P8: 25.5 | Q8: 818.7
A9: 25-11-00-18-0-SVA-001 | B9: 25-11-00-18-0-SVA-001 (04) / FOURTH OCCUPANT SEAT COVERS REPLCMNT | C9: 32 | D9: FLIGHT DECK | E9: Closed | F9: Normal | G9: CAB | H9: Requested | I9: P/S 4509031 CLOSED | J9: N/A | K9: FWD | L9: 46259 | M9: 46257 | N9: 2 | O9: 25-11 | P9: 6.5 | Q9: 6.5
A10: 25-11-00-18-0-SVA-002 | B10: 25-11-00-18-0-SVA-002 (04) / THIRD OCCUPANT SEAT COVERS R/R | C10: 33 | D10: FLIGHT DECK | E10: Closed | F10: Normal | G10: CAB | H10: Requested | I10: P/S 4509039 CLOSED | J10: N/A | K10: FWD | L10: 46252 | M10: 46246 | N10: 2 | O10: 25-11 | P10: 2 | Q10: 2
A11: 25-22-00-03-0-SVA-002 | B11: 25-22-00-03-0-SVA-002 (02) / CABIN ATTENDANT SEAT COVERS R&R | C11: 34 | D11: F/A SEAT | E11: Closed | F11: Normal | G11: CAB | H11: Requested | I11: P/S 4509037 (SOME PARTS S/D) | J11: N/A | K11: JOINT | L11: 46259 | M11: 46258 | N11: 4 | O11: 25-22 | P11: 22 | Q11: 25.6
A12: 253000-01-1 | B12: 253000-01-1 (3) / GALLEY ATTACHMENT POINTS INSPECTION | C12: 35 | D12: GALLEY | E12: Open | F12: Normal | G12: JOINT | I12: CAB + INSP / REMINE CLOSE UP | J12: N/A | K12: JOINT | N12: 0.4 | O12: 25-30 | P12: 44 | Q12: 917.4
A13: 254000-02-2 | B13: 254000-02-2 (2) / LAVATORIE’S ATTACHMENT POINTS INSP | C13: 36 | D13: LAVATORY | E13: Closed | F13: Normal | G13: JOINT | I13: CAB + INSP / REMINE CLOSE UP | J13: N/A | K13: JOINT | L13: 46259 | M13: 46257 | N13: 0.65 | O13: 25-40 | P13: 15 | Q13: 26.7
A14: 256141-01-1 | B14: 256141-01-1 (3) / CAPT AND F/O EMERGENCY DEVICE INSP | C14: 37 | D14: FLIGHT DECK | E14: Closed | F14: Normal | G14: JOINT | I14: C/W | J14: N/A | K14: FWD | L14: 46223 | M14: 46223 | N14: 0.43 | O14: 25-61 | P14: 12 | Q14: 2.78
A15: 262541-01-1 | B15: 262541-01-1 (3) / LAVATORIES FIRE EXTINGUISHERS INSP | C15: 38 | D15: LAVATORY | E15: Closed | F15: Normal | G15: INSP | I15: C/W | J15: N/A | K15: JOINT | L15: 46223 | M15: 46223 | N15: 0.22 | O15: 26-25 | P15: 0.75 | Q15: 0.75
A16: 323300-01-1 | B16: 323300-01-1 (2) / LG FREE FALL EXTN MECH&CABLE INSP | C16: 44 | D16: ACFT GENERAL T/C | E16: Open | F16: Normal | G16: INSP | H16: Requested | I16: CABIN + COCKPIT ACCESS | J16: N/A | K16: FWD | N16: 0.33 | O16: 32-33 | Q16: 390.4
A17: 323300-04-1 | B17: 323300-04-1 (3) / LG FREE FALL MECH CABLE TENTION CHK | C17: 45 | D17: ACFT GENERAL T/C | E17: Open | F17: Normal | G17: INSP | I17: CABIN + COCKPIT ACCESS | J17: N/A | K17: FWD | N17: 0.15 | O17: 32-33 | P17: 2 | Q17: 843.8
A18: 531102-01-1 | B18: 531102-01-1 (5) / LH/RH FORWARD PASSENGER DOORS INSP | C18: 51 | D18: PAX DOORS | E18: Closed | F18: Normal | G18: INSP | I18: C/W | J18: N/A | K18: FWD | L18: 46232 | M18: 46232 | N18: 0.65 | O18: 53-11 | P18: 2.52 | Q18: 74.5
A19: 531164-01-1 | B19: 531164-01-1 (02) / FUSELAGE FR 15-21 INSPECTION | C19: 52 | D19: ACFT GENERAL T/C | E19: Open | F19: Normal | G19: INSP | H19: Requested | I19: A&P / REMINE CLOSE UP | J19: N/A | K19: FWD | N19: 1.5 | O19: 53-11 | P19: 3.2 | Q19: 769.9
A20: 531166-01-2 | B20: 531166-01-2 (2) / FUSELAGE FR 16-20 INSPECTION | C20: 53 | D20: ACFT GENERAL T/C | E20: Open | F20: Critical | G20: INSP | H20: Requested | I20: FWD DOORS GIRT FITTINGS / TO DO | J20: N/A | K20: FWD | N20: 0.65 | O20: 53-11 | P20: 23.5 | Q20: 581.5
A21: 531181-01-1 | B21: 531181-01-1 (3) / FUSELAGE INTERNL STRUCT FR15-21 INSP | C21: 55 | D21: ACFT GENERAL T/C | E21: Open | F21: Critical | G21: INSP | H21: Requested | I21: FWD GALLEY + LAV A + ALL B/C SEATS + COCKPIT DOOR + FLOOR PANELS REMOVAL | J21: N/A | K21: FWD | L21: 46222 | N21: 1.75 | O21: 53-11 | P21: 22 | Q21: 1054.3
A22: 531189-01-2 | B22: 531189-01-2 (2) / CABIN FLOOR STRUCT FR12 & FR21 INSP | C22: 56 | D22: ACFT GENERAL T/C | E22: Open | F22: Critical | G22: CAB | H22: Requested | I22: FWD GALLEY + LAV A + ALL B/C SEATS + COCKPIT DOOR + FLOOR PANELS REMOVAL | J22: N/A | K22: FWD | L22: 46222 | N22: 3.67 | O22: 53-11 | P22: 127.5 | Q22: 724.7
A23: 531194-01-2 | B23: 531194-01-2 (2) / FLOOR STRUCTURE FR21 TO FR24 INSP | C23: 57 | D23: ACFT GENERAL T/C | E23: Open | F23: Critical | G23: INSP | H23: Requested | I23: G2 GALLEY + ALL SEATS REMOVAL | J23: N/A | K23: FWD | L23: 46222 | N23: 1 | O23: 53-11 | P23: 49.5 | Q23: 818.9
A24: 534132-02-1 | B24: 534132-02-1 (2) / DETAILED INSP OF AFT PASS/CREW DOOR CUTOUT, UPPER CORNERS | C24: 60 | D24: PAX DOORS | E24: Closed | F24: Normal | G24: JOINT | H24: Requested | I24: C/W | J24: N/A | K24: AFT | L24: 46233 | M24: 46233 | N24: 0.75 | O24: 53-41 | P24: 2.25 | Q24: 72.3
A25: 534135-01-4 | B25: 534135-01-4 (03) / AFT PASSENGER/CREW DOOR CUTOUT INSP | C25: 61 | D25: PAX DOORS | E25: Closed | F25: Normal | G25: JOINT | H25: Requested | I25: CAB + INSP / REMINE CLOSE UP | J25: N/A | K25: AFT | L25: 46256 | M25: 46254 | N25: 5.72 | O25: 53-41 | P25: 40.5 | Q25: 508.5
A26: 534147-01-1 | B26: 534147-01-1 (2) / CABIN FLOOR STRUC AROUND GALLEY&LAV | C26: 62 | D26: ACFT GENERAL T/C | E26: Open | F26: Critical | G26: CAB | H26: Requested | I26: REMOVE ALL GALLEYS AND LAVS + SOME ROWS OF G/C SEATS / REMINE CLOSE UP | J26: N/A | K26: JOINT | N26: 37 | O26: 53-41 | P26: 128 | Q26: 844.9
A27: 534195-01-2 | B27: 534195-01-2 (01) / CABIN FLOOR STRUCT BELOW AFT ENTERAN | C27: 66 | D27: ACFT GENERAL T/C | E27: Open | F27: Critical | G27: CAB | H27: Requested | I27: AFT AREA / REMINE CLOSE UP | J27: N/A | K27: AFT | N27: 0 | O27: 53-41 | P27: 22 | Q27: 716.5
A28: 562101-01-1 | B28: 562101-01-1 (3) / CABIN AND DOOR WINDOW PANES INSP | C28: 79 | D28: GENERAL CABIN | E28: Closed | F28: Normal | G28: JOINT | H28: Requested | I28: CAB + INSP / INTERIOR C/W REMINE EXTERIR | J28: N/A | K28: JOINT | L28: 46259 | M28: 46257 | N28: 13.2 | O28: 56-21 | P28: 212 | Q28: 678
A29: 571157-01-1 | B29: 571157-01-1 (3) / CENTER WING BOX UPPER SKIN INSP | C29: 81 | E29: Closed | F29: ACCESS | H29: Requested | L29: 46259 | M29: 46257 | N29: 7.7 | P29: 8.73 | Q29: 5.35
A30: ZL-145-01-1 | B30: ZL-145-01-1 (2) / ZONE UNDER CABIN FLOOR INSPECTION | C30: 109 | D30: ACFT GENERAL T/C | E30: Closed | F30: Critical | G30: CAB | H30: Requested | I30: CAB + INSP / FR 36 TO FR 46 / REMINE CLOSE UP | J30: N/A | K30: JOINT | L30: 46252 | M30: 46251 | N30: 11.5 | O30: 05-21 | P30: 389.8 | Q30: 517.5
A31: ZL-171-02-1 | B31: ZL-171-02-1 (2) / AFT CABIN UNDERFLOOR COMPART INSP | C31: 115 | D31: ACFT GENERAL T/C | E31: Closed | F31: Normal | G31: INSP | I31: C/W | J31: N/A | K31: AFT | L31: 46226 | M31: 46226 | N31: 77 | O31: 05-21 | P31: 2.5 | Q31: 47.7
A32: ZL-211-01-1 | B32: ZL-211-01-1 (03) / COCKPIT ZONAL INSPECTION | C32: 122 | D32: FLIGHT DECK | E32: Closed | F32: Normal | G32: INSP | I32: C/W | J32: N/A | K32: FWD | L32: 46226 | M32: 46226 | N32: 0.43 | O32: 05-22 | P32: 21 | Q32: 30.4
A33: ZL-833-02-1 | B33: ZL-833-02-1 (04) / FWD AND AFT EMERGENCY EXITS INSP | C33: 157 | D33: PAX DOORS | E33: Closed | F33: Normal | G33: AP | I33: AP | J33: N/A | K33: JOINT | L33: 46252 | M33: 46239 | N33: 1.97 | O33: 05-28 | P33: 6.83 | Q33: 323.4
A34: 05-SVA-01 | B34: 05-SVA-01 (00) / EMERGENCY EQUIPMENTS EXPIRY CHECK | C34: 159 | D34: GENERAL CABIN | E34: Closed | F34: Normal | G34: CAB | I34: ALL INFORMATIONS FILLED TO BE CLOSE BEFORE ACFT RELASE | J34: N/A | K34: JOINT | L34: 46259 | M34: 46257 | N34: 2.17 | O34: 05 | P34: 8 | Q34: 4
A35: 11-11-00-01-0-SVA | B35: 11-11-00-01-0-SVA (02) / INTERIOR PLACARDS CHECK | C35: 160 | D35: GENERAL CABIN | E35: Open | F35: Normal | G35: PAINT | I35: PAINT | J35: N/A | K35: JOINT | N35: 1 | O35: 11-11 | Q35: 0
A36: 212300-02-1 | B36: 212300-02-1 (4) / LAVATORY AIR EXTRACTION FLTR R/R | C36: 162 | D36: LAVATORY | E36: Closed | F36: Normal | G36: CAB | H36: Requested | I36: C/W | J36: N/A | K36: JOINT | L36: 46223 | M36: 46223 | N36: 0.43 | O36: 21-23 | P36: 2 | Q36: 1
A37: 25-10-00-00-SVA | B37: 25-10-00-00-SVA (00) / COCKPIT CHECK | C37: 168 | D37: FLIGHT DECK | E37: Closed | F37: Normal | G37: CAB | I37: CAB ONLY / CHECK C/W | J37: N/A | K37: FWD | L37: 46259 | M37: 46257 | N37: 6.83 | O37: 25-10 | P37: 53 | Q37: 803.5
A38: 25-20-00-00-SVA | B38: 25-20-00-00-SVA (01) / GENERAL CABIN DEEP INSP | C38: 169 | D38: GENERAL CABIN | E38: Closed | F38: Normal | G38: JOINT | H38: Requested | I38: CAB + INSP / CHECK C/W | J38: N/A | K38: JOINT | L38: 46260 | N38: 10.83 | O38: 25-10 | P38: 51 | Q38: 841.6
A39: 25-21-00-00-SVA | B39: 25-21-00-00-SVA (01) / B/C SEAT DEEP INSP | C39: 170 | D39: PAX SEAT | E39: Open | F39: Normal | G39: SEAT | I39: SEAT SHOP | J39: N/A | K39: JOINT | N39: 2.33 | O39: 25-10 | P39: 7.5 | Q39: 866
A40: 25-21-01-00-SVA | B40: 25-21-01-00-SVA (01) / G/C SEAT DEEP INSP | C40: 171 | D40: PAX SEAT | E40: Open | F40: Normal | G40: SEAT | I40: STEP 8 (CAB POOL SPLTY) / TO DO AFTER SEAT INATALLAITON | J40: N/A | K40: JOINT | N40: 1.5 | O40: 25-10 | P40: 6 | Q40: 866.1
A41: 25-22-00-00-SVA | B41: 25-22-00-00-SVA (01) / CABIN CREW SEAT DEEP INSP | C41: 172 | D41: F/A SEAT | E41: Closed | F41: Normal | G41: CAB | I41: C/W | J41: N/A | K41: JOINT | L41: 46259 | M41: 46257 | N41: 2.75 | O41: 25-10 | P41: 20.5 | Q41: 365.6
A42: 25-26-00-08-0-SVA | B42: 25-26-00-08-0-SVA (05) / PASSNGER COMPT CURTAINS REPLACEMENT | C42: 173 | D42: GENERAL CABIN | E42: Open | F42: Normal | G42: CAB | H42: Requested | I42: P/S 4509045 CLOSED | J42: N/A | K42: JOINT | L42: 46222 | N42: 4 | O42: 25-26 | Q42: 0
A43: 25-28-00-03-0-SVA-001 | B43: 25-28-00-03-0-SVA-001 (07) / HZ-ASA TO ASG AISLE CARPETS R/R | C43: 174 | D43: GENERAL CABIN | E43: Open | F43: Normal | G43: CAB | H43: Requested | I43: P/S 4509318 CLOSED | J43: N/A | K43: JOINT | L43: 46222 | N43: 4 | O43: 25-28 | Q43: 0
A44: 25-30-00-03-0-SVA | B44: 25-30-00-03-0-SVA (02) / GALLEY CTL PANELS ELECTRICAL INSP | C44: 175 | D44: GALLEY | E44: Open | F44: Normal | G44: AV | I44: AV | J44: N/A | K44: JOINT | N44: 2 | O44: 25-30 | Q44: 0
A45: 25-30-00-13-0-SVA | B45: 25-30-00-13-0-SVA (02) / GALLY & WATER AUTO DRAIN VALVES OPC | C45: 176 | D45: GALLEY | E45: Open | F45: Normal | G45: CAB | I45: CAB ONLY / TO DO | J45: N/A | K45: JOINT | N45: 0.5 | O45: 25-30 | Q45: 0
A46: 25-32-00-00-SVA | B46: 25-32-00-00-SVA (01) / GALLEY CHECK | C46: 177 | D46: GALLEY | E46: Open | F46: Normal | G46: CAB | I46: CAB ONLY / CHECK C/W | J46: N/A | K46: JOINT | N46: 0.5 | O46: 25-10 | P46: 28.5 | Q46: 917.9
A47: 25-40-00-00-SVA | B47: 25-40-00-00-SVA (01) / LAV CHECK | C47: 178 | D47: LAVATORY | E47: Closed | F47: Normal | G47: CAB | I47: CAB ONLY / CHECK C/W | J47: N/A | K47: JOINT | L47: 46259 | M47: 46258 | N47: 7.42 | O47: 25-10 | P47: 17.5 | Q47: 809.8
A48: 25-60-00-03-0-SVA | B48: 25-60-00-03-0-SVA (01) / EMERGENCY EQUIPMENT IN C/A SEAT STOWAGE INSPECTION | C48: 179 | D48: F/A SEAT | E48: Closed | F48: Normal | G48: INSP | I48: C/W | J48: N/A | K48: JOINT | L48: 46223 | M48: 46223 | N48: 2 | O48: 25-60 | P48: 1 | Q48: 1
A49: 25-65-00-01-0-SVA | B49: 25-65-00-01-0-SVA (02) / EMERGENCY EQUIP VALIDITY INSP | C49: 180 | D49: GENERAL CABIN | E49: Closed | F49: Normal | G49: INSP | I49: C/W | J49: N/A | K49: JOINT | L49: 46224 | M49: 46224 | N49: 2 | O49: 25-65 | P49: 1 | Q49: 1
A50: 25-65-00-01-0-SVA-001 | B50: 25-65-00-01-0-SVA-001 (02) / FIRST AID MEDICAL SURVL KIT CHECK | C50: 181 | D50: GENERAL CABIN | E50: Closed | F50: Normal | G50: INSP | I50: C/W | J50: N/A | K50: JOINT | L50: 46224 | M50: 46224 | N50: 1 | O50: 25-65 | P50: 1 | Q50: 1
A51: 253400-01-1. | B51: 253400-01-1. (03) / GALLEY COOLING CLEANING | C51: 182 | D51: GALLEY | E51: Closed | F51: Normal | G51: CAB | H51: Requested | I51: CAB / TO DO | J51: N/A | K51: JOINT | L51: 46252 | M51: 46243 | N51: 0.33 | O51: 20-00 | P51: 21 | Q51: 61.5
A52: 253400-02-1 | B52: 253400-02-1 (3) / AIRCHILLER CONDENSER AIR FLTR CLEANING | C52: 183 | D52: GALLEY | E52: Closed | F52: Normal | G52: CAB | H52: Requested | I52: CAB / TO DO | J52: N/A | K52: JOINT | L52: 46259 | M52: 46257 | N52: 0.43 | O52: 25-34 | P52: 34.5 | Q52: 466.7
A53: 256241-05-1 | B53: 256241-05-1 (5) / CABN DOORS GIRT BAR FITT STOP CLEAN | C53: 186 | D53: PAX DOORS | E53: Closed | F53: Normal | G53: CAB | I53: C/W | J53: N/A | K53: JOINT | L53: 46229 | M53: 46229 | N53: 0.87 | O53: 25-62 | P53: 10 | Q53: 5.33
A54: 261700-06-1 | B54: 261700-06-1 (0) / LAVATORY SMOKE DETECTION | C54: 189 | D54: LAVATORY | E54: Closed | F54: Normal | G54: AV | I54: AV | J54: N/A | K54: JOINT | L54: 46231 | M54: 46231 | N54: 0.5 | O54: 24 | P54: 6 | Q54: 1.03
A55: 31-63-00-01-SVA-001 | B55: 31-63-00-01-SVA-001 (04) / COCKPIT AND AVIONICS COMPARTMENT AREA AND EQUIPMENT`S CLEANING. | C55: 207 | D55: FLIGHT DECK | E55: Closed | F55: Normal | G55: AV | H55: Requested | I55: AV | J55: N/A | K55: FWD | L55: 46252 | M55: 46238 | N55: 2 | O55: 31-63 | P55: 21 | Q55: 6.1
A56: 353000-01-1 | B56: 353000-01-1 (5) / PORTABLE OXYGEN CYLINDERS OPC | C56: 215 | D56: GENERAL CABIN | E56: Closed | F56: Normal | G56: JOINT | I56: C/W | J56: N/A | K56: JOINT | L56: 46224 | M56: 46224 | N56: 0.37 | O56: 35-32 | P56: 6.5 | Q56: 5.17
A57: 353000-05-1 | B57: 353000-05-1 (5) / CABIN PBE INSP | C57: 216 | D57: GENERAL CABIN | E57: Closed | F57: Normal | G57: JOINT | I57: C/W | J57: N/A | K57: JOINT | L57: 46222 | M57: 46222 | N57: 0.43 | O57: 35-30 | P57: 2.75 | Q57: 3.78
A58: 383200-01-1 | B58: 383200-01-1 (3) / WASHBASIN FILTER ELEMENT CLEANING | C58: 219 | D58: LAVATORY | E58: Closed | F58: Normal | G58: CAB | H58: Requested | I58: CAB | J58: N/A | K58: JOINT | L58: 46259 | M58: 46257 | N58: 0.22 | O58: 38-32 | P58: 3 | Q58: 3
A59: 525111-06-2 | B59: 525111-06-2 (2) / FUNCTIONAL CHECK OF THE CORRECT ADJUSTMENT OF THE COCKPIT DOOR, ELECTRICAL RELEASE STRIKES AND LATCH MECHANISM | C59: 223 | D59: FLIGHT DECK | E59: Closed | F59: Normal | G59: JOINT | I59: C/W | J59: N/A | K59: FWD | L59: 46252 | M59: 46240 | N59: 0.92 | O59: 52-51 | P59: 7.75 | Q59: 27
A60: 527100-02-1 | B60: 527100-02-1 (4) / MAIN ENTRY DR WARNING PRX SW ACTUAT | C60: 224 | D60: PAX DOORS | E60: Closed | F60: Normal | G60: CAB | H60: Requested | I60: CAB | J60: N/A | K60: JOINT | L60: 46252 | M60: 46245 | N60: 0.43 | O60: 12-22 | P60: 6 | Q60: 299.1
A61: 561000-01-1-SVA | B61: 561000-01-1-SVA (04) / COCKPIT WINDOWS INSPECTION | C61: 227 | D61: FLIGHT DECK | E61: Closed | F61: Normal | G61: AP | I61: AP + INSP (ACCESS) | J61: N/A | K61: FWD | L61: 46229 | M61: 46229 | N61: 3.5 | O61: 56-10 | P61: 15 | Q61: 134.1
A62: 05-00-00-05-SVA | B62: 05-00-00-05-SVA (03) / FINAL PRODUCT QUALITY INSPECTION | C62: 234 | D62: ACFT GENERAL T/C | E62: Open | F62: Normal | G62: INSP | I62: SVTI | J62: N/A | K62: JOINT | N62: 1 | O62: 05-00 | Q62: 0
A63: 08-10-00-01-0-A | B63: 08-10-00-01-0-A (02) / WIGHT & BALANCE | C63: 235 | D63: ACFT GENERAL T/C | E63: Open | F63: Normal | G63: AP | J63: N/A | K63: JOINT | N63: 65 | O63: 08-10 | Q63: 0
A64: 212100-01-1 | B64: 212100-01-1 (05) / COKPT AIR SUPPLY DUCT GRID CLEANING | C64: 241 | D64: FLIGHT DECK | E64: Closed | F64: Normal | G64: AP | I64: C/W | J64: N/A | K64: FWD | L64: 46229 | M64: 46229 | N64: 0.43 | O64: 21-21 | P64: 1.5 | Q64: 5.72
A65: 23-73-00-01-0-SVA | B65: 23-73-00-01-0-SVA (01) / CABIN SIGNS OPS CHK | C65: 257 | D65: GENERAL CABIN | E65: Closed | F65: Normal | G65: AV | I65: AV | J65: N/A | K65: JOINT | L65: 46225 | M65: 46225 | N65: 8 | O65: 23-73 | P65: 4 | Q65: 2
A66: 233300-02-1 | B66: 233300-02-1 (4) / PASSENGER ENTERTAINMENT OPC | C66: 258 | D66: GENERAL CABIN | E66: Closed | F66: Normal | G66: AV | I66: AV | J66: N/A | K66: JOINT | L66: 46225 | M66: 46225 | N66: 0.87 | O66: 23-33 | P66: 6 | Q66: 2.07
A67: 235100-01-1 | B67: 235100-01-1 (02) / CAPT AND F/O AUDIO CTL PANELS OPC | C67: 259 | D67: FLIGHT DECK | E67: Closed | F67: Normal | G67: AV | I67: AV | J67: N/A | K67: FWD | L67: 46226 | M67: 46226 | N67: 0.22 | O67: 23-51 | P67: 4 | Q67: 1.02
A68: 25-11-00-03-0-SVA-001 | B68: 25-11-00-03-0-SVA-001 (02) / THIRD OCCUPANT SEAT BOTTOM CUSHION REPLACMENT | C68: 272 | D68: FLIGHT DECK | E68: Closed | F68: Normal | G68: CAB | H68: Requested | I68: P/S 4509325 / SEAT WILL BE REPLACED | J68: N/A | K68: FWD | L68: 46252 | M68: 46246 | N68: 0.5 | O68: 25-11 | P68: 1 | Q68: 1
A69: 25-11-00-08-0-SVA | B69: 25-11-00-08-0-SVA (03) / CAPTAIN AND F/O SEATS BOTTOM REPLACMENT | C69: 273 | D69: FLIGHT DECK | E69: Closed | F69: Normal | G69: CAB | H69: Requested | I69: P/S 4509326 | J69: N/A | K69: FWD | L69: 46259 | M69: 46257 | N69: 1 | O69: 25-11 | P69: 1 | Q69: 1
A70: 25-11-00-09-0-SVA | B70: 25-11-00-09-0-SVA (04) / CAPTAIN & F/O SEATS COVERS REPLACMENT | C70: 274 | D70: FLIGHT DECK | E70: Closed | F70: Normal | G70: CAB | H70: Requested | I70: P/S 4509328 | J70: N/A | K70: FWD | L70: 46259 | M70: 46257 | N70: 4 | O70: 25-11 | P70: 1 | Q70: 0.52
A71: 25-11-00-17-0-SVA-002 | B71: 25-11-00-17-0-SVA-002 (03) / FOURTH OCCUPANT SEAT BOTTOM CUSHION REPLACMENT | C71: 275 | D71: FLIGHT DECK | E71: Closed | F71: Normal | G71: CAB | H71: Requested | I71: C/W | J71: N/A | K71: FWD | L71: 46259 | M71: 46257 | N71: 0.5 | O71: 25-11 | P71: 1.5 | Q71: 1
A72: 25-28-00-04-0-SVA-001 | B72: 25-28-00-04-0-SVA-001 (03) / A320(HZ-ASA TO ASG) CARPETS&MATS R/R | C72: 276 | D72: GENERAL CABIN | E72: Open | F72: Normal | G72: CAB | H72: Requested | I72: P/S 4509334 | J72: N/A | K72: JOINT | L72: 46222 | N72: 48 | O72: 25-28 | Q72: 486.9
A73: 25-28-00-04-0-SVA-002 | B73: 25-28-00-04-0-SVA-002 (03) / COCKPIT COMPARTMENT CARPETS REPLCMNT | C73: 277 | D73: FLIGHT DECK | E73: Closed | F73: Normal | G73: CAB | H73: Requested | I73: P/S 4509336 | J73: N/A | K73: FWD | L73: 46256 | M73: 46254 | N73: 6 | O73: 25-28 | P73: 15 | Q73: 6.5
A74: 25-SVA-01 | B74: 25-SVA-01 (01) / COCKPIT CHECK | C74: 278 | D74: FLIGHT DECK | E74: Closed | F74: Normal | G74: JOINT | I74: CAB + INSP | J74: N/A | K74: FWD | L74: 46260 | N74: 3.5 | O74: 25 | P74: 52.5 | Q74: 850.2
A75: 25-SVA-02 | B75: 25-SVA-02 (01) / GENERAL CABIN ITEMS C-CHK | C75: 279 | D75: GENERAL CABIN | E75: Closed | F75: Normal | G75: JOINT | I75: CAB + INSP | J75: N/A | K75: JOINT | L75: 46259 | M75: 46257 | N75: 16.67 | O75: 25 | P75: 9 | Q75: 817.4
A76: 25-SVA-03 | B76: 25-SVA-03 (01) / B/C SEAT REFRESH | C76: 280 | D76: PAX SEAT | E76: Open | F76: Normal | G76: SEAT | I76: SEAT SHOP | J76: N/A | K76: JOINT | N76: 5.17 | O76: 25 | P76: 7 | Q76: 858.6
A77: 25-SVA-04 | B77: 25-SVA-04 (01) / B/C SEAT DEEP REFRESH | C77: 281 | D77: PAX SEAT | E77: Open | F77: Normal | G77: SEAT | I77: SEAT SHOP | J77: N/A | K77: JOINT | N77: 3 | O77: 25 | P77: 9 | Q77: 834.5
A78: 25-SVA-05 | B78: 25-SVA-05 (01) / G/C SEAT REFRESH | C78: 282 | D78: PAX SEAT | E78: Open | F78: Normal | G78: SEAT | I78: STEP 6 (CAB POOL SPLTY) | J78: N/A | K78: JOINT | N78: 1.83 | O78: 25 | P78: 14.5 | Q78: 872.6
A79: 25-SVA-06 | B79: 25-SVA-06 (01) / GALLEY REFRESH | C79: 283 | D79: GALLEY | E79: Closed | F79: Normal | G79: CAB | I79: CAB ONLY / CHECK C/W | J79: N/A | K79: JOINT | L79: 46259 | M79: 46257 | N79: 2 | O79: 25 | P79: 44 | Q79: 526
A80: 25-SVA-07 | B80: 25-SVA-07 (01) / LAV REFRESH | C80: 284 | D80: LAVATORY | E80: Closed | F80: Normal | G80: CAB | I80: CAB ONLY / CHECK C/W | J80: N/A | K80: JOINT | L80: 46259 | M80: 46257 | N80: 2 | O80: 25 | P80: 12.5 | Q80: 786.6
A81: 25-SVA-08 | B81: 25-SVA-08 (01) / CABIN CREW SEAT DEEP INSP | C81: 285 | D81: F/A SEAT | E81: Closed | F81: Normal | G81: CAB | I81: CAB ONLY / CHECK C/W | J81: N/A | K81: JOINT | L81: 46259 | M81: 46257 | N81: 3 | O81: 25 | P81: 1 | Q81: 1
A82: 25-SVA-09 | B82: 25-SVA-09 (01) / B/C PAX SEATS CUSHION R/R | C82: 286 | D82: PAX SEAT | E82: Open | F82: Normal | G82: SEAT | H82: Requested | I82: SEAT SHOP | J82: N/A | K82: JOINT | N82: 0.5 | O82: 25
A83: 25-SVA-10 | B83: 25-SVA-10 (02) / G/C PAX SEATS CUSHION R/R | C83: 287 | D83: PAX SEAT | E83: Closed | F83: Normal | G83: SEAT | I83: SEAT SHOP | J83: N/A | K83: JOINT | L83: 46260 | N83: 0.5 | O83: 25 | P83: 210 | Q83: 699.5
A84: 252100-01-0-SVA-002 | B84: 252100-01-0-SVA-002 (02) / A320 AIRCRAFT HZ-ASA THRU HZ-ASG PASSENGER SEATS COVERS R/R | C84: 288 | D84: PAX SEAT | E84: Closed | F84: Normal | G84: SEAT | I84: SEAT SHOP | J84: N/A | K84: JOINT | L84: 46260 | N84: 38 | O84: 25-21 | P84: 255 | Q84: 865.9
A85: 252100-01-1 | B85: 252100-01-1 (4) / PAX SEAT ATTACH TO FLOOR&STRUC INSP | C85: 289 | D85: PAX SEAT | E85: Open | F85: Normal | G85: CAB | I85: REMAINING CLOSE UP | J85: N/A | K85: JOINT | N85: 2 | O85: 25-21 | P85: 19.5 | Q85: 862.2
A86: 2521000103-001 | B86: 2521000103-001 (05) / PASS COMPARTMENT SEAT BELTS CLEANING B/C | C86: 290 | D86: PAX SEAT | E86: Open | F86: Normal | G86: SEAT | I86: SEAT SHOP | J86: N/A | K86: JOINT | N86: 0 | O86: 25-21 | P86: 2 | Q86: 867.8
A87: 2521000103-002 | B87: 2521000103-002 (06) / PASS COMPARTMENT SEAT BELTS CLEANING G/C | C87: 291 | D87: PAX SEAT | E87: Closed | F87: Normal | G87: SEAT | H87: Requested | I87: SEAT SHOP | J87: N/A | K87: JOINT | L87: 46259 | M87: 46257 | N87: 15 | O87: 25-21 | P87: 8 | Q87: 795.7
A88: 252200-01-1 | B88: 252200-01-1 (4) / CABIN ATTED SEAT ATTACHMENTS INSP | C88: 292 | D88: F/A SEAT | E88: Open | F88: Normal | G88: JOINT | I88: CAB + INSP / WITH INSTALLTION | J88: N/A | K88: JOINT | N88: 0.25 | O88: 25-22 | Q88: 195.8
A89: 252200-03-1 | B89: 252200-03-1 (4) / CABIN ATTENDANT SEATS BELTS INSP | C89: 293 | D89: F/A SEAT | E89: Closed | F89: Normal | G89: INSP | I89: C/W | J89: N/A | K89: JOINT | L89: 46223 | M89: 46223 | N89: 0.02 | O89: 25-22 | P89: 0.75 | Q89: 0.75
A90: 254000-04-2 | B90: 254000-04-2 (4) / LAVATORIES FLOOR PANELS INSPECTION | C90: 294 | D90: LAVATORY | E90: Closed | F90: Normal | G90: INSP | I90: C/W | J90: N/A | K90: JOINT | L90: 46223 | M90: 46223 | N90: 3.3 | O90: 25-40 | P90: 0.75 | Q90: 0.75
A91: 256535-01-1 | B91: 256535-01-1 (02) / EMERGENCY LOCATOR TRANSMITTER OPC | C91: 297 | D91: GENERAL CABIN | E91: Closed | F91: Normal | G91: AV | I91: C/W | J91: N/A | K91: JOINT | L91: 46225 | M91: 46225 | N91: 0.22 | O91: 25-65 | P91: 2 | Q91: 1
A92: 256652-01-1-SVA | B92: 256652-01-1-SVA (01) / LIFE VEST RESTORATION PERIODIC CHECK FOR EXPIRATION | C92: 299 | D92: GENERAL CABIN | E92: Closed | F92: Normal | G92: JOINT | I92: C/W REMAINING CLOSE UP | J92: N/A | K92: JOINT | L92: 46259 | M92: 46258 | N92: 3.25 | O92: 25-11 | P92: 54.5 | Q92: 874.8
A93: 262541-04-1 | B93: 262541-04-1 (3) / LAVATORY FIRE EXTG PRESS READING CHK | C93: 312 | D93: LAVATORY | E93: Closed | F93: Normal | G93: INSP | I93: INSP | J93: N/A | K93: JOINT | L93: 46223 | M93: 46223 | N93: 0.22 | O93: 26-25 | P93: 0.75 | Q93: 0.75
A94: 272100-02-1 | B94: 272100-02-1 (03) / RUDDER CONTROL CABLES INSP | C94: 318 | D94: ACFT GENERAL T/C | E94: Open | F94: ACCESS | G94: JOINT | K94: JOINT | N94: 38 | P94: 22.5 | Q94: 557.5
A95: 335100-11-1 | B95: 335100-11-1 (1) / CABIN EMERGENCY LIGHTING | C95: 413 | D95: GENERAL CABIN | E95: Closed | F95: Normal | G95: AV | I95: AV | J95: N/A | K95: JOINT | L95: 46225 | M95: 46225 | N95: 0.22 | O95: 33-51 | P95: 9 | Q95: 3.08
A96: 351000-01-1 | B96: 351000-01-1 (3) / FULL FACE/QUICK OXYGEN MASKS OPC | C96: 425 | D96: FLIGHT DECK | E96: Closed | F96: Normal | G96: CAB | J96: N/A | K96: FWD | L96: 46252 | M96: 46243 | N96: 0.22 | O96: 35-12 | P96: 1 | Q96: 1
A97: 351241-01-1 | B97: 351241-01-1 (3) / CREW OXYGEN MASKS INSPECTION | C97: 426 | D97: FLIGHT DECK | E97: Closed | F97: Normal | G97: JOINT | J97: N/A | K97: FWD | L97: 46223 | M97: 46223 | N97: 0.55 | O97: 35-12 | P97: 10 | Q97: 4.37
A98: 352000-02-1 | B98: 352000-02-1 (3) / PAX OXYGEN SYSTEM MASK RELEASE FNC | C98: 427 | D98: GENERAL CABIN | E98: Open | F98: Normal | G98: JOINT | I98: CAB + INSP | J98: N/A | K98: JOINT | N98: 1.98 | O98: 35-23 | P98: 45 | Q98: 890.5
A99: 352142-01-1-SVA | B99: 352142-01-1-SVA (01) / VALIDITY CHECK OF CHEMICAL OXYGEN GENERATORS | C99: 428 | D99: GENERAL CABIN | E99: Open | F99: Normal | G99: JOINT | I99: CAB + INSP | J99: N/A | K99: JOINT | N99: 2.42 | O99: 35-21 | P99: 48.5 | Q99: 893.9
A100: 353000-06-1-SVA | B100: 353000-06-1-SVA (03) / COCKPIT (PBE) INSPECTION | C100: 429 | D100: FLIGHT DECK | E100: Closed | F100: Normal | G100: JOINT | I100: C/W | J100: N/A | K100: FWD | L100: 46223 | M100: 46223 | N100: 2.25 | O100: 25-64 | P100: 3.5 | Q100: 1.65
...

Sheet DASHBOARD
A1: 📊 HZ-ASD C2+6Y — WORK PACKAGE DASHBOARD | F1: ="DAY "&MAX(MIN(TODAY()-DASHBOARD!$M$1+1,DASHBOARD!$M$2-DASHBOARD!$M$1+1),0)&"/"&(DASHBOARD!$M$2-DASHBOARD!$M$1+1) -> DAY 38/38 | L1: START → | M1: 46221
A2: =IF(AND(DASHBOARD!$M$1="",DASHBOARD!$M$2=""),"⚙️ Set CHECK START (M1) and CHECK END (M2) dates → schedule alert activates automatically",IF(OR(NOT(ISNUMBER(DASHBOARD!$M$1)),NOT(ISNUMBER(DASHBOARD!$M$2))),"⚠️ Date not recognized — clear M1/M2 and re-type as 2026-07-01 (year-month-day)",IF(DASHBOARD!$M$2<=DASHBOARD!$M$1,"⚠️ CHECK END must be after CHECK START — please review M1/M2",IF(AND(TODAY()>DASHBOARD!$M$2,(COUNTIFS('HZ-ASD Tracker'!$A$5:$A$994,"<>",'HZ-ASD Tracker'!$E$5:$E$994,"Closed")/COUNTIF('HZ-ASD Tracker'!$A$5:$A$994,"<>"))<1),"❌ CHECK PERIOD ENDED — Completion "&TEXT((COUNTIFS('HZ-ASD Tracker'!$A$5:$A$994,"<>",'HZ-ASD Tracker'!$E$5:$E$994,"Closed")/COUNTIF('HZ-ASD Tracker'!$A$5:$A$994,"<>")),"0%")&" · Overdue by "&(TODAY()-DASHBOARD!$M$2)&" days",IF((COUNTIFS('HZ-ASD Tracker'!$A$5:$A$994,"<>",'HZ-ASD Tracker'!$E$5:$E$994,"Closed")/COUNTIF('HZ-ASD Tracker'!$A$5:$A$994,"<>"))>=((TODAY()-DASHBOARD!$M$1)/(DASHBOARD!$M$2-DASHBOARD!$M$1))-0.05,"✅ ON TRACK — "&"Completed "&TEXT((COUNTIFS('HZ-ASD Tracker'!$A$5:$A$994,"<>",'HZ-ASD Tracker'!$E$5:$E$994,"Closed")/COUNTIF('HZ-ASD Tracker'!$A$5:$A$994,"<>")),"0%")&" vs Time "&TEXT(MAX(MIN(((TODAY()-DASHBOARD!$M$1)/(DASHBOARD!$M$2-DASHBOARD!$M$1)),1),0),"0%")&" · Days Left: "&MAX(DASHBOARD!$M$2-TODAY(),0)&" · Pace needed: "&TEXT((COUNTIF('HZ-ASD Tracker'!$A$5:$A$994,"<>")-COUNTIFS('HZ-ASD Tracker'!$A$5:$A$994,"<>",'HZ-ASD Tracker'!$E$5:$E$994,"Closed"))/MAX(DASHBOARD!$M$2-TODAY(),1),"0.0")&"/day vs avg "&TEXT(COUNTIFS('HZ-ASD Tracker'!$A$5:$A$994,"<>",'HZ-ASD Tracker'!$E$5:$E$994,"Closed")/MAX(TODAY()-DASHBOARD!$M$1,1),"0.0")&"/day",IF((COUNTIFS('HZ-ASD Tracker'!$A$5:$A$994,"<>",'HZ-ASD Tracker'!$E$5:$E$994,"Closed")/COUNTIF('HZ-ASD Tracker'!$A$5:$A$994,"<>"))>=((TODAY()-DASHBOARD!$M$1)/(DASHBOARD!$M$2-DASHBOARD!$M$1))-0.15,"⚠️ WARNING — "&"Completed "&TEXT((COUNTIFS('HZ-ASD Tracker'!$A$5:$A$994,"<>",'HZ-ASD Tracker'!$E$5:$E$994,"Closed")/COUNTIF('HZ-ASD Tracker'!$A$5:$A$994,"<>")),"0%")&" vs Time "&TEXT(MAX(MIN(((TODAY()-DASHBOARD!$M$1)/(DASHBOARD!$M$2-DASHBOARD!$M$1)),1),0),"0%")&" · Days Left: "&MAX(DASHBOARD!$M$2-TODAY(),0)&" · Pace needed: "&TEXT((COUNTIF('HZ-ASD Tracker'!$A$5:$A$994,"<>")-COUNTIFS('HZ-ASD Tracker'!$A$5:$A$994,"<>",'HZ-ASD Tracker'!$E$5:$E$994,"Closed"))/MAX(DASHBOARD!$M$2-TODAY(),1),"0.0")&"/day vs avg "&TEXT(COUNTIFS('HZ-ASD Tracker'!$A$5:$A$994,"<>",'HZ-ASD Tracker'!$E$5:$E$994,"Closed")/MAX(TODAY()-DASHBOARD!$M$1,1),"0.0")&"/day","🔴 CRITICAL — "&"Completed "&TEXT((COUNTIFS('HZ-ASD Tracker'!$A$5:$A$994,"<>",'HZ-ASD Tracker'!$E$5:$E$994,"Closed")/COUNTIF('HZ-ASD Tracker'!$A$5:$A$994,"<>")),"0%")&" vs Time "&TEXT(MAX(MIN(((TODAY()-DASHBOARD!$M$1)/(DASHBOARD!$M$2-DASHBOARD!$M$1)),1),0),"0%")&" · Days Left: "&MAX(DASHBOARD!$M$2-TODAY(),0)&" · Pace needed: "&TEXT((COUNTIF('HZ-ASD Tracker'!$A$5:$A$994,"<>")-COUNTIFS('HZ-ASD Tracker'!$A$5:$A$994,"<>",'HZ-ASD Tracker'!$E$5:$E$994,"Closed"))/MAX(DASHBOARD!$M$2-TODAY(),1),"0.0")&"/day vs avg "&TEXT(COUNTIFS('HZ-ASD Tracker'!$A$5:$A$994,"<>",'HZ-ASD Tracker'!$E$5:$E$994,"Closed")/MAX(TODAY()-DASHBOARD!$M$1,1),"0.0")&"/day")))))) -> ❌ CHECK PERIOD ENDED — Completion 67% · Overdue by 2 days | L2: END → | M2: 46258
A3: ⛔ OVERRUN — B.I.S REVISED → 03 SEP 2026 (EXTENSION +10 DAYS)
A4: TOTAL WOs | B4: CLOSED | C4: OPEN | D4: HPC ⏳ | E4: 🔴 AOG WO | F4: ⚠️ CRITICAL WO | G4: DONE
A5: =COUNTIF('HZ-ASD Tracker'!$A$5:$A$994,"<>") -> 464 | B5: =COUNTIFS('HZ-ASD Tracker'!$A$5:$A$994,"<>",'HZ-ASD Tracker'!$E$5:$E$994,"Closed") -> 310 | C5: =COUNTIFS('HZ-ASD Tracker'!$A$5:$A$994,"<>",'HZ-ASD Tracker'!$E$5:$E$994,"Open") -> 152 | D5: =COUNTIFS('HZ-ASD Tracker'!$A$5:$A$994,"<>",'HZ-ASD Tracker'!$E$5:$E$994,"HPC") -> 0 | E5: =COUNTIFS('HZ-ASD Tracker'!$A$5:$A$994,"<>",'HZ-ASD Tracker'!$F$5:$F$994,"AOG",'HZ-ASD Tracker'!$E$5:$E$994,"<>Closed") -> 1 | F5: =COUNTIFS('HZ-ASD Tracker'!$A$5:$A$994,"<>",'HZ-ASD Tracker'!$F$5:$F$994,"Critical",'HZ-ASD Tracker'!$E$5:$E$994,"<>Closed") -> 13 | G5: =IFERROR(COUNTIFS('HZ-ASD Tracker'!$A$5:$A$994,"<>",'HZ-ASD Tracker'!$E$5:$E$994,"Closed")/COUNTIF('HZ-ASD Tracker'!$A$5:$A$994,"<>"),0) -> 0.66810345
A7: TIMELINE — linked to LAYOVER sheet
A8: ="🛬 O.O.S "&TEXT(DASHBOARD!$M$1-1,"DD-MMM")&" 🛫 B.I.S "&TEXT(DASHBOARD!$M$2,"DD-MMM")&" GROUND TIME "&(DASHBOARD!$M$2-DASHBOARD!$M$1+1)&" days"&" · DAY "&MAX(MIN(TODAY()-DASHBOARD!$M$1+1,DASHBOARD!$M$2-DASHBOARD!$M$1+1),0)&"/"&(DASHBOARD!$M$2-DASHBOARD!$M$1+1) -> 🛬 O.O.S 17-Jul 🛫 B.I.S 24-Aug GROUND TIME 38 days · DAY 38/38
A9: =IF(NOT(ISNUMBER(LAYOVER!$B$7)),"📍 Phase: awaiting official schedule","📍 Now: "&IF(AND(ISNUMBER(LAYOVER!$B$37),TODAY()>=LAYOVER!$B$37),"PHASE 5 — Release",IF(AND(ISNUMBER(LAYOVER!$B$27),TODAY()>=LAYOVER!$B$27),"PHASE 4 — Close Up & Final",IF(AND(ISNUMBER(LAYOVER!$B$21),TODAY()>=LAYOVER!$B$21),"PHASE 3 — Mod & Rectification",IF(AND(ISNUMBER(LAYOVER!$B$14),TODAY()>=LAYOVER!$B$14),"PHASE 2 — Inspection","PHASE 1 — Pre Hangar"))))) -> 📍 Now: PHASE 5 — Release
A10: =IF(NOT(ISNUMBER(LAYOVER!$B$19)),"⏳ set findings cutoff (LAYOVER)",IF(TODAY()>LAYOVER!$B$19,"🔒 FINDINGS WINDOW CLOSED","⏳ Findings window closes in: "&(LAYOVER!$B$19-TODAY())&" day(s)")) -> 🔒 FINDINGS WINDOW CLOSED
A11: =IF(MIN(LAYOVER!$D$41:$D$48)=9^9,"📅 No upcoming milestone","📅 Next: "&INDEX(LAYOVER!$A$41:$A$48,MATCH(MIN(LAYOVER!$D$41:$D$48),LAYOVER!$D$41:$D$48,0))&" — "&TEXT(MIN(LAYOVER!$D$41:$D$48),"DD-MMM")&IF(MIN(LAYOVER!$D$41:$D$48)=TODAY()," (TODAY!)"," (in "&(MIN(LAYOVER!$D$41:$D$48)-TODAY())&"d)")) -> 📅 No upcoming milestone
A12: =IF(NOT(ISNUMBER(LAYOVER!$C$28)),"🔒 Cabin close-up: date TBD",IF(TODAY()>LAYOVER!$C$28,"🔒 Close-up date passed — "&COUNTIFS('HZ-ASD Tracker'!$A$5:$A$996,"<>",'HZ-ASD Tracker'!$F$5:$F$996,"ACCESS",'HZ-ASD Tracker'!$E$5:$E$996,"<>Closed")&" ACCESS still open","🔒 Close-up in "&(LAYOVER!$C$28-TODAY())&" day(s) · "&COUNTIFS('HZ-ASD Tracker'!$A$5:$A$996,"<>",'HZ-ASD Tracker'!$F$5:$F$996,"ACCESS",'HZ-ASD Tracker'!$E$5:$E$996,"<>Closed")&" ACCESS still open")) -> 🔒 Close-up date passed — 28 ACCESS still open
A13: BY SOURCE
B14: Closed | C14: Total | D14: % | E14: Window ⏱ | F14: Left
A15: ROUTINE TASKS (WP) | B15: =(COUNTIFS('HZ-ASD Tracker'!$A$5:$A$994,"<>",'HZ-ASD Tracker'!$E$5:$E$994,"Closed")-SUMPRODUCT(('HZ-ASD Tracker'!$A$5:$A$994<>"")*(LEN('HZ-ASD Tracker'!$A$5:$A$994)=8)*ISNUMBER(--'HZ-ASD Tracker'!$A$5:$A$994)*('HZ-ASD Tracker'!$E$5:$E$994="Closed"))+SUMPRODUCT(('HZ-ASD Tracker'!$A$5:$A$994<>"")*(LEN('HZ-ASD Tracker'!$A$5:$A$994)=8)*ISNUMBER(--'HZ-ASD Tracker'!$A$5:$A$994)*(((LEFT('HZ-ASD Tracker'!$B$5:$B$994,3)="6Y_")+(LEFT('HZ-ASD Tracker'!$B$5:$B$994,4)="A_N ")+(LEFT('HZ-ASD Tracker'!$B$5:$B$994,4)="C_N ")+(LEFT('HZ-ASD Tracker'!$B$5:$B$994,4)="DCC-")+(LEFT('HZ-ASD Tracker'!$B$5:$B$994,4)="CCC-")+(LEFT('HZ-ASD Tracker'!$B$5:$B$994,4)="ISC-")+(LEFT('HZ-ASD Tracker'!$B$5:$B$994,7)="WEEKLY-"))>0)*('HZ-ASD Tracker'!$E$5:$E$994="Closed"))) -> 103 | C15: =(COUNTIF('HZ-ASD Tracker'!$A$5:$A$994,"<>")-SUMPRODUCT(('HZ-ASD Tracker'!$A$5:$A$994<>"")*(LEN('HZ-ASD Tracker'!$A$5:$A$994)=8)*ISNUMBER(--'HZ-ASD Tracker'!$A$5:$A$994))+SUMPRODUCT(('HZ-ASD Tracker'!$A$5:$A$994<>"")*(LEN('HZ-ASD Tracker'!$A$5:$A$994)=8)*ISNUMBER(--'HZ-ASD Tracker'!$A$5:$A$994)*(((LEFT('HZ-ASD Tracker'!$B$5:$B$994,3)="6Y_")+(LEFT('HZ-ASD Tracker'!$B$5:$B$994,4)="A_N ")+(LEFT('HZ-ASD Tracker'!$B$5:$B$994,4)="C_N ")+(LEFT('HZ-ASD Tracker'!$B$5:$B$994,4)="DCC-")+(LEFT('HZ-ASD Tracker'!$B$5:$B$994,4)="CCC-")+(LEFT('HZ-ASD Tracker'!$B$5:$B$994,4)="ISC-")+(LEFT('HZ-ASD Tracker'!$B$5:$B$994,7)="WEEKLY-"))>0))) -> 165 | D15: =IFERROR(B15/C15,0) -> 0.62424242 | E15: =MIN(MAX((TODAY()-DASHBOARD!$M$1)/(DASHBOARD!$M$2-DASHBOARD!$M$1),0),1) -> 1 | F15: =C15-B15 -> 62 | G15: =IF(D15=0,"",D15) -> 0.62424242
A16: ENG ORDERS (EOD/AD/EO) | B16: =SUMPRODUCT(('HZ-ASD Tracker'!$A$5:$A$994<>"")*(LEN('HZ-ASD Tracker'!$A$5:$A$994)=8)*ISNUMBER(--'HZ-ASD Tracker'!$A$5:$A$994)*(((LEFT('HZ-ASD Tracker'!$B$5:$B$994,4)="EOD-")+(LEFT('HZ-ASD Tracker'!$B$5:$B$994,3)="EO-")+(LEFT('HZ-ASD Tracker'!$B$5:$B$994,3)="ER-")+(LEFT('HZ-ASD Tracker'!$B$5:$B$994,5)="FRSEO")+(LEFT('HZ-ASD Tracker'!$B$5:$B$994,1)="S")*ISNUMBER(--MID('HZ-ASD Tracker'!$B$5:$B$994,2,2))*(MID('HZ-ASD Tracker'!$B$5:$B$994,4,2)="-R")+(LEFT('HZ-ASD Tracker'!$B$5:$B$994,8)="REPLACE ")+ISNUMBER(SEARCH("/AD-",'HZ-ASD Tracker'!$B$5:$B$994)))>0)*('HZ-ASD Tracker'!$E$5:$E$994="Closed")) -> 10 | C16: =SUMPRODUCT(('HZ-ASD Tracker'!$A$5:$A$994<>"")*(LEN('HZ-ASD Tracker'!$A$5:$A$994)=8)*ISNUMBER(--'HZ-ASD Tracker'!$A$5:$A$994)*(((LEFT('HZ-ASD Tracker'!$B$5:$B$994,4)="EOD-")+(LEFT('HZ-ASD Tracker'!$B$5:$B$994,3)="EO-")+(LEFT('HZ-ASD Tracker'!$B$5:$B$994,3)="ER-")+(LEFT('HZ-ASD Tracker'!$B$5:$B$994,5)="FRSEO")+(LEFT('HZ-ASD Tracker'!$B$5:$B$994,1)="S")*ISNUMBER(--MID('HZ-ASD Tracker'!$B$5:$B$994,2,2))*(MID('HZ-ASD Tracker'!$B$5:$B$994,4,2)="-R")+(LEFT('HZ-ASD Tracker'!$B$5:$B$994,8)="REPLACE ")+ISNUMBER(SEARCH("/AD-",'HZ-ASD Tracker'!$B$5:$B$994)))>0)) -> 19 | D16: =IFERROR(B16/C16,0) -> 0.52631579 | E16: =IF(AND(ISNUMBER(LAYOVER!$B$22),ISNUMBER(LAYOVER!$C$22)),MIN(MAX((TODAY()-LAYOVER!$B$22)/(LAYOVER!$C$22-LAYOVER!$B$22),0),1),"") -> 1 | F16: =C16-B16 -> 9 | G16: =IF(D16=0,"",D16) -> 0.52631579
A17: FINDINGS (AMOS) | B17: =(SUMPRODUCT(('HZ-ASD Tracker'!$A$5:$A$994<>"")*(LEN('HZ-ASD Tracker'!$A$5:$A$994)=8)*ISNUMBER(--'HZ-ASD Tracker'!$A$5:$A$994)*('HZ-ASD Tracker'!$E$5:$E$994="Closed"))-SUMPRODUCT(('HZ-ASD Tracker'!$A$5:$A$994<>"")*(LEN('HZ-ASD Tracker'!$A$5:$A$994)=8)*ISNUMBER(--'HZ-ASD Tracker'!$A$5:$A$994)*(((LEFT('HZ-ASD Tracker'!$B$5:$B$994,4)="EOD-")+(LEFT('HZ-ASD Tracker'!$B$5:$B$994,3)="EO-")+(LEFT('HZ-ASD Tracker'!$B$5:$B$994,3)="ER-")+(LEFT('HZ-ASD Tracker'!$B$5:$B$994,5)="FRSEO")+(LEFT('HZ-ASD Tracker'!$B$5:$B$994,1)="S")*ISNUMBER(--MID('HZ-ASD Tracker'!$B$5:$B$994,2,2))*(MID('HZ-ASD Tracker'!$B$5:$B$994,4,2)="-R")+(LEFT('HZ-ASD Tracker'!$B$5:$B$994,8)="REPLACE ")+ISNUMBER(SEARCH("/AD-",'HZ-ASD Tracker'!$B$5:$B$994)))>0)*('HZ-ASD Tracker'!$E$5:$E$994="Closed"))-SUMPRODUCT(('HZ-ASD Tracker'!$A$5:$A$994<>"")*(LEN('HZ-ASD Tracker'!$A$5:$A$994)=8)*ISNUMBER(--'HZ-ASD Tracker'!$A$5:$A$994)*(((LEFT('HZ-ASD Tracker'!$B$5:$B$994,3)="6Y_")+(LEFT('HZ-ASD Tracker'!$B$5:$B$994,4)="A_N ")+(LEFT('HZ-ASD Tracker'!$B$5:$B$994,4)="C_N ")+(LEFT('HZ-ASD Tracker'!$B$5:$B$994,4)="DCC-")+(LEFT('HZ-ASD Tracker'!$B$5:$B$994,4)="CCC-")+(LEFT('HZ-ASD Tracker'!$B$5:$B$994,4)="ISC-")+(LEFT('HZ-ASD Tracker'!$B$5:$B$994,7)="WEEKLY-"))>0)*('HZ-ASD Tracker'!$E$5:$E$994="Closed"))) -> 197 | C17: =(SUMPRODUCT(('HZ-ASD Tracker'!$A$5:$A$994<>"")*(LEN('HZ-ASD Tracker'!$A$5:$A$994)=8)*ISNUMBER(--'HZ-ASD Tracker'!$A$5:$A$994))-SUMPRODUCT(('HZ-ASD Tracker'!$A$5:$A$994<>"")*(LEN('HZ-ASD Tracker'!$A$5:$A$994)=8)*ISNUMBER(--'HZ-ASD Tracker'!$A$5:$A$994)*(((LEFT('HZ-ASD Tracker'!$B$5:$B$994,4)="EOD-")+(LEFT('HZ-ASD Tracker'!$B$5:$B$994,3)="EO-")+(LEFT('HZ-ASD Tracker'!$B$5:$B$994,3)="ER-")+(LEFT('HZ-ASD Tracker'!$B$5:$B$994,5)="FRSEO")+(LEFT('HZ-ASD Tracker'!$B$5:$B$994,1)="S")*ISNUMBER(--MID('HZ-ASD Tracker'!$B$5:$B$994,2,2))*(MID('HZ-ASD Tracker'!$B$5:$B$994,4,2)="-R")+(LEFT('HZ-ASD Tracker'!$B$5:$B$994,8)="REPLACE ")+ISNUMBER(SEARCH("/AD-",'HZ-ASD Tracker'!$B$5:$B$994)))>0))-SUMPRODUCT(('HZ-ASD Tracker'!$A$5:$A$994<>"")*(LEN('HZ-ASD Tracker'!$A$5:$A$994)=8)*ISNUMBER(--'HZ-ASD Tracker'!$A$5:$A$994)*(((LEFT('HZ-ASD Tracker'!$B$5:$B$994,3)="6Y_")+(LEFT('HZ-ASD Tracker'!$B$5:$B$994,4)="A_N ")+(LEFT('HZ-ASD Tracker'!$B$5:$B$994,4)="C_N ")+(LEFT('HZ-ASD Tracker'!$B$5:$B$994,4)="DCC-")+(LEFT('HZ-ASD Tracker'!$B$5:$B$994,4)="CCC-")+(LEFT('HZ-ASD Tracker'!$B$5:$B$994,4)="ISC-")+(LEFT('HZ-ASD Tracker'!$B$5:$B$994,7)="WEEKLY-"))>0))) -> 280 | D17: =IFERROR(B17/C17,0) -> 0.70357143 | E17: =IF(AND(ISNUMBER(LAYOVER!$B$21),ISNUMBER(LAYOVER!$C$21)),MIN(MAX((TODAY()-LAYOVER!$B$21)/(LAYOVER!$C$21-LAYOVER!$B$21),0),1),"") -> 1 | F17: =C17-B17 -> 83 | G17: =IF(D17=0,"",D17) -> 0.70357143
A19: BY CATEGORY
B20: Closed | C20: Total | D20: % | E20: Share | F20: Left
A21: GENERAL CABIN | B21: =COUNTIFS('HZ-ASD Tracker'!$A$5:$A$994,"<>",'HZ-ASD Tracker'!$D$5:$D$994,"GENERAL CABIN",'HZ-ASD Tracker'!$E$5:$E$994,"Closed") -> 43 | C21: =COUNTIFS('HZ-ASD Tracker'!$A$5:$A$994,"<>",'HZ-ASD Tracker'!$D$5:$D$994,"GENERAL CABIN") -> 73 | D21: =IFERROR(B21/C21,0) -> 0.5890411 | E21: =IFERROR(C21/COUNTIF('HZ-ASD Tracker'!$A$5:$A$994,"<>"),0) -> 0.15732759 | F21: =C21-B21 -> 30 | G21: =IF(D21=0,"",D21) -> 0.5890411
A22: GALLEY | B22: =COUNTIFS('HZ-ASD Tracker'!$A$5:$A$994,"<>",'HZ-ASD Tracker'!$D$5:$D$994,"GALLEY",'HZ-ASD Tracker'!$E$5:$E$994,"Closed") -> 36 | C22: =COUNTIFS('HZ-ASD Tracker'!$A$5:$A$994,"<>",'HZ-ASD Tracker'!$D$5:$D$994,"GALLEY") -> 53 | D22: =IFERROR(B22/C22,0) -> 0.67924528 | E22: =IFERROR(C22/COUNTIF('HZ-ASD Tracker'!$A$5:$A$994,"<>"),0) -> 0.11422414 | F22: =C22-B22 -> 17 | G22: =IF(D22=0,"",D22) -> 0.67924528
A23: LAVATORY | B23: =COUNTIFS('HZ-ASD Tracker'!$A$5:$A$994,"<>",'HZ-ASD Tracker'!$D$5:$D$994,"LAVATORY",'HZ-ASD Tracker'!$E$5:$E$994,"Closed") -> 33 | C23: =COUNTIFS('HZ-ASD Tracker'!$A$5:$A$994,"<>",'HZ-ASD Tracker'!$D$5:$D$994,"LAVATORY") -> 43 | D23: =IFERROR(B23/C23,0) -> 0.76744186 | E23: =IFERROR(C23/COUNTIF('HZ-ASD Tracker'!$A$5:$A$994,"<>"),0) -> 0.092672414 | F23: =C23-B23 -> 10 | G23: =IF(D23=0,"",D23) -> 0.76744186
A24: PAX DOORS | B24: =COUNTIFS('HZ-ASD Tracker'!$A$5:$A$994,"<>",'HZ-ASD Tracker'!$D$5:$D$994,"PAX DOORS",'HZ-ASD Tracker'!$E$5:$E$994,"Closed") -> 45 | C24: =COUNTIFS('HZ-ASD Tracker'!$A$5:$A$994,"<>",'HZ-ASD Tracker'!$D$5:$D$994,"PAX DOORS") -> 63 | D24: =IFERROR(B24/C24,0) -> 0.71428571 | E24: =IFERROR(C24/COUNTIF('HZ-ASD Tracker'!$A$5:$A$994,"<>"),0) -> 0.13577586 | F24: =C24-B24 -> 18 | G24: =IF(D24=0,"",D24) -> 0.71428571
A25: F/A SEAT | B25: =COUNTIFS('HZ-ASD Tracker'!$A$5:$A$994,"<>",'HZ-ASD Tracker'!$D$5:$D$994,"F/A SEAT",'HZ-ASD Tracker'!$E$5:$E$994,"Closed") -> 24 | C25: =COUNTIFS('HZ-ASD Tracker'!$A$5:$A$994,"<>",'HZ-ASD Tracker'!$D$5:$D$994,"F/A SEAT") -> 41 | D25: =IFERROR(B25/C25,0) -> 0.58536585 | E25: =IFERROR(C25/COUNTIF('HZ-ASD Tracker'!$A$5:$A$994,"<>"),0) -> 0.088362069 | F25: =C25-B25 -> 17 | G25: =IF(D25=0,"",D25) -> 0.58536585
A26: PAX SEAT | B26: =COUNTIFS('HZ-ASD Tracker'!$A$5:$A$994,"<>",'HZ-ASD Tracker'!$D$5:$D$994,"PAX SEAT",'HZ-ASD Tracker'!$E$5:$E$994,"Closed") -> 45 | C26: =COUNTIFS('HZ-ASD Tracker'!$A$5:$A$994,"<>",'HZ-ASD Tracker'!$D$5:$D$994,"PAX SEAT") -> 68 | D26: =IFERROR(B26/C26,0) -> 0.66176471 | E26: =IFERROR(C26/COUNTIF('HZ-ASD Tracker'!$A$5:$A$994,"<>"),0) -> 0.14655172 | F26: =C26-B26 -> 23 | G26: =IF(D26=0,"",D26) -> 0.66176471
A27: FLIGHT DECK | B27: =COUNTIFS('HZ-ASD Tracker'!$A$5:$A$994,"<>",'HZ-ASD Tracker'!$D$5:$D$994,"FLIGHT DECK",'HZ-ASD Tracker'!$E$5:$E$994,"Closed") -> 56 | C27: =COUNTIFS('HZ-ASD Tracker'!$A$5:$A$994,"<>",'HZ-ASD Tracker'!$D$5:$D$994,"FLIGHT DECK") -> 60 | D27: =IFERROR(B27/C27,0) -> 0.93333333 | E27: =IFERROR(C27/COUNTIF('HZ-ASD Tracker'!$A$5:$A$994,"<>"),0) -> 0.12931034 | F27: =C27-B27 -> 4 | G27: =IF(D27=0,"",D27) -> 0.93333333
A28: TEDLAR/SIDEWALL | B28: =COUNTIFS('HZ-ASD Tracker'!$A$5:$A$994,"<>",'HZ-ASD Tracker'!$D$5:$D$994,"TEDLAR/SIDEWALL",'HZ-ASD Tracker'!$E$5:$E$994,"Closed") -> 14 | C28: =COUNTIFS('HZ-ASD Tracker'!$A$5:$A$994,"<>",'HZ-ASD Tracker'!$D$5:$D$994,"TEDLAR/SIDEWALL") -> 15 | D28: =IFERROR(B28/C28,0) -> 0.93333333 | E28: =IFERROR(C28/COUNTIF('HZ-ASD Tracker'!$A$5:$A$994,"<>"),0) -> 0.032327586 | F28: =C28-B28 -> 1 | G28: =IF(D28=0,"",D28) -> 0.93333333
A29: ACCESS | B29: =COUNTIFS('HZ-ASD Tracker'!$A$5:$A$994,"<>",'HZ-ASD Tracker'!$F$5:$F$994,"ACCESS",'HZ-ASD Tracker'!$E$5:$E$994,"Closed") -> 3 | C29: =COUNTIFS('HZ-ASD Tracker'!$A$5:$A$994,"<>",'HZ-ASD Tracker'!$F$5:$F$994,"ACCESS") -> 31 | D29: =IFERROR(B29/C29,0) -> 0.096774194 | E29: =IFERROR(C29/COUNTIF('HZ-ASD Tracker'!$A$5:$A$994,"<>"),0) -> 0.066810345 | F29: =C29-B29 -> 28 | G29: =IF(D29=0,"",D29) -> 0.096774194
A30: ACFT GENERAL T/C | B30: =COUNTIFS('HZ-ASD Tracker'!$A$5:$A$994,"<>",'HZ-ASD Tracker'!$D$5:$D$994,"ACFT GENERAL T/C",'HZ-ASD Tracker'!$E$5:$E$994,"Closed") -> 13 | C30: =COUNTIFS('HZ-ASD Tracker'!$A$5:$A$994,"<>",'HZ-ASD Tracker'!$D$5:$D$994,"ACFT GENERAL T/C") -> 47 | D30: =IFERROR(B30/C30,0) -> 0.27659574 | E30: =IFERROR(C30/COUNTIF('HZ-ASD Tracker'!$A$5:$A$994,"<>"),0) -> 0.1012931 | F30: =C30-B30 -> 34 | G30: =IF(D30=0,"",D30) -> 0.27659574
A32: SPECIALTY
B33: Closed | C33: Total | D33: % | E33: Share | F33: Left
A34: CAB | B34: =COUNTIFS('HZ-ASD Tracker'!$A$5:$A$994,"<>",'HZ-ASD Tracker'!$G$5:$G$994,"CAB",'HZ-ASD Tracker'!$E$5:$E$994,"Closed") -> 131 | C34: =COUNTIFS('HZ-ASD Tracker'!$A$5:$A$994,"<>",'HZ-ASD Tracker'!$G$5:$G$994,"CAB") -> 216 | D34: =IFERROR(B34/C34,0) -> 0.60648148 | E34: =IFERROR(C34/COUNTIF('HZ-ASD Tracker'!$A$5:$A$994,"<>"),0) -> 0.46551724 | F34: =C34-B34 -> 85 | G34: =IF(D34=0,"",D34) -> 0.60648148
A35: SEAT | B35: =COUNTIFS('HZ-ASD Tracker'!$A$5:$A$994,"<>",'HZ-ASD Tracker'!$G$5:$G$994,"SEAT",'HZ-ASD Tracker'!$E$5:$E$994,"Closed") -> 39 | C35: =COUNTIFS('HZ-ASD Tracker'!$A$5:$A$994,"<>",'HZ-ASD Tracker'!$G$5:$G$994,"SEAT") -> 54 | D35: =IFERROR(B35/C35,0) -> 0.72222222 | E35: =IFERROR(C35/COUNTIF('HZ-ASD Tracker'!$A$5:$A$994,"<>"),0) -> 0.11637931 | F35: =C35-B35 -> 15 | G35: =IF(D35=0,"",D35) -> 0.72222222
A36: AV | B36: =COUNTIFS('HZ-ASD Tracker'!$A$5:$A$994,"<>",'HZ-ASD Tracker'!$G$5:$G$994,"AV",'HZ-ASD Tracker'!$E$5:$E$994,"Closed") -> 30 | C36: =COUNTIFS('HZ-ASD Tracker'!$A$5:$A$994,"<>",'HZ-ASD Tracker'!$G$5:$G$994,"AV") -> 37 | D36: =IFERROR(B36/C36,0) -> 0.81081081 | E36: =IFERROR(C36/COUNTIF('HZ-ASD Tracker'!$A$5:$A$994,"<>"),0) -> 0.079741379 | F36: =C36-B36 -> 7 | G36: =IF(D36=0,"",D36) -> 0.81081081
A37: WALL | B37: =COUNTIFS('HZ-ASD Tracker'!$A$5:$A$994,"<>",'HZ-ASD Tracker'!$G$5:$G$994,"WALL",'HZ-ASD Tracker'!$E$5:$E$994,"Closed") -> 22 | C37: =COUNTIFS('HZ-ASD Tracker'!$A$5:$A$994,"<>",'HZ-ASD Tracker'!$G$5:$G$994,"WALL") -> 22 | D37: =IFERROR(B37/C37,0) -> 1 | E37: =IFERROR(C37/COUNTIF('HZ-ASD Tracker'!$A$5:$A$994,"<>"),0) -> 0.047413793 | F37: =C37-B37 -> 0 | G37: =IF(D37=0,"",D37) -> 1
A38: S/M | B38: =COUNTIFS('HZ-ASD Tracker'!$A$5:$A$994,"<>",'HZ-ASD Tracker'!$G$5:$G$994,"S/M",'HZ-ASD Tracker'!$E$5:$E$994,"Closed") -> 10 | C38: =COUNTIFS('HZ-ASD Tracker'!$A$5:$A$994,"<>",'HZ-ASD Tracker'!$G$5:$G$994,"S/M") -> 14 | D38: =IFERROR(B38/C38,0) -> 0.71428571 | E38: =IFERROR(C38/COUNTIF('HZ-ASD Tracker'!$A$5:$A$994,"<>"),0) -> 0.030172414 | F38: =C38-B38 -> 4 | G38: =IF(D38=0,"",D38) -> 0.71428571
A39: PAINT | B39: =COUNTIFS('HZ-ASD Tracker'!$A$5:$A$994,"<>",'HZ-ASD Tracker'!$G$5:$G$994,"PAINT",'HZ-ASD Tracker'!$E$5:$E$994,"Closed") -> 33 | C39: =COUNTIFS('HZ-ASD Tracker'!$A$5:$A$994,"<>",'HZ-ASD Tracker'!$G$5:$G$994,"PAINT") -> 41 | D39: =IFERROR(B39/C39,0) -> 0.80487805 | E39: =IFERROR(C39/COUNTIF('HZ-ASD Tracker'!$A$5:$A$994,"<>"),0) -> 0.088362069 | F39: =C39-B39 -> 8 | G39: =IF(D39=0,"",D39) -> 0.80487805
A40: JOINT | B40: =COUNTIFS('HZ-ASD Tracker'!$A$5:$A$994,"<>",'HZ-ASD Tracker'!$G$5:$G$994,"JOINT",'HZ-ASD Tracker'!$E$5:$E$994,"Closed") -> 22 | C40: =COUNTIFS('HZ-ASD Tracker'!$A$5:$A$994,"<>",'HZ-ASD Tracker'!$G$5:$G$994,"JOINT") -> 36 | D40: =IFERROR(B40/C40,0) -> 0.61111111 | E40: =IFERROR(C40/COUNTIF('HZ-ASD Tracker'!$A$5:$A$994,"<>"),0) -> 0.077586207 | F40: =C40-B40 -> 14 | G40: =IF(D40=0,"",D40) -> 0.61111111
A41: INSP | B41: =COUNTIFS('HZ-ASD Tracker'!$A$5:$A$994,"<>",'HZ-ASD Tracker'!$G$5:$G$994,"INSP",'HZ-ASD Tracker'!$E$5:$E$994,"Closed") -> 11 | C41: =COUNTIFS('HZ-ASD Tracker'!$A$5:$A$994,"<>",'HZ-ASD Tracker'!$G$5:$G$994,"INSP") -> 18 | D41: =IFERROR(B41/C41,0) -> 0.61111111 | E41: =IFERROR(C41/COUNTIF('HZ-ASD Tracker'!$A$5:$A$994,"<>"),0) -> 0.038793103 | F41: =C41-B41 -> 7 | G41: =IF(D41=0,"",D41) -> 0.61111111
A42: AP | B42: =COUNTIFS('HZ-ASD Tracker'!$A$5:$A$994,"<>",'HZ-ASD Tracker'!$G$5:$G$994,"AP",'HZ-ASD Tracker'!$E$5:$E$994,"Closed") -> 9 | C42: =COUNTIFS('HZ-ASD Tracker'!$A$5:$A$994,"<>",'HZ-ASD Tracker'!$G$5:$G$994,"AP") -> 18 | D42: =IFERROR(B42/C42,0) -> 0.5 | E42: =IFERROR(C42/COUNTIF('HZ-ASD Tracker'!$A$5:$A$994,"<>"),0) -> 0.038793103 | F42: =C42-B42 -> 9 | G42: =IF(D42=0,"",D42) -> 0.5
A44: DAILY CLOSURES — last 10 days | C44: Σ Closed | D44: Left | E44: Cum % | F44: =IF(COUNTIFS('HZ-ASD Tracker'!$A$5:$A$995,"<>",'HZ-ASD Tracker'!$E$5:$E$995,"Closed")>=ROUND(COUNTIF('HZ-ASD Tracker'!$A$5:$A$995,"<>")*VLOOKUP(MAX(MIN(TODAY()-DASHBOARD!$M$1+1,38),1),'FULL PKG'!$L$2:$M$39,2,0),0),"📈 S-curve: +"&(COUNTIFS('HZ-ASD Tracker'!$A$5:$A$995,"<>",'HZ-ASD Tracker'!$E$5:$E$995,"Closed")-ROUND(COUNTIF('HZ-ASD Tracker'!$A$5:$A$995,"<>")*VLOOKUP(MAX(MIN(TODAY()-DASHBOARD!$M$1+1,38),1),'FULL PKG'!$L$2:$M$39,2,0),0))&" ahead 🟢","📉 S-curve: "&(COUNTIFS('HZ-ASD Tracker'!$A$5:$A$995,"<>",'HZ-ASD Tracker'!$E$5:$E$995,"Closed")-ROUND(COUNTIF('HZ-ASD Tracker'!$A$5:$A$995,"<>")*VLOOKUP(MAX(MIN(TODAY()-DASHBOARD!$M$1+1,38),1),'FULL PKG'!$L$2:$M$39,2,0),0))&" behind 🔴") -> #N/A
A45: =TODAY()-9 -> 46251 | B45: =COUNTIFS('HZ-ASD Tracker'!$M$5:$M$994,TODAY()-9,'HZ-ASD Tracker'!$E$5:$E$994,"Closed") -> 11 | C45: =COUNTIFS('HZ-ASD Tracker'!$M$5:$M$994,"<="&TODAY()-9,'HZ-ASD Tracker'!$E$5:$E$994,"Closed") -> 205 | D45: =COUNTIF('HZ-ASD Tracker'!$A$5:$A$994,"<>")-C45 -> 259 | E45: =IFERROR(C45/COUNTIF('HZ-ASD Tracker'!$A$5:$A$994,"<>"),0) -> 0.44181034 | F45: =IF(E45=0,"",E45) -> 0.44181034 | G45: =IF(B45=0,"",B45) -> 11
A46: =TODAY()-8 -> 46252 | B46: =COUNTIFS('HZ-ASD Tracker'!$M$5:$M$994,TODAY()-8,'HZ-ASD Tracker'!$E$5:$E$994,"Closed") -> 10 | C46: =COUNTIFS('HZ-ASD Tracker'!$M$5:$M$994,"<="&TODAY()-8,'HZ-ASD Tracker'!$E$5:$E$994,"Closed") -> 215 | D46: =COUNTIF('HZ-ASD Tracker'!$A$5:$A$994,"<>")-C46 -> 249 | E46: =IFERROR(C46/COUNTIF('HZ-ASD Tracker'!$A$5:$A$994,"<>"),0) -> 0.46336207 | F46: =IF(E46=0,"",E46) -> 0.46336207 | G46: =IF(B46=0,"",B46) -> 10
A47: =TODAY()-7 -> 46253 | B47: =COUNTIFS('HZ-ASD Tracker'!$M$5:$M$994,TODAY()-7,'HZ-ASD Tracker'!$E$5:$E$994,"Closed") -> 9 | C47: =COUNTIFS('HZ-ASD Tracker'!$M$5:$M$994,"<="&TODAY()-7,'HZ-ASD Tracker'!$E$5:$E$994,"Closed") -> 224 | D47: =COUNTIF('HZ-ASD Tracker'!$A$5:$A$994,"<>")-C47 -> 240 | E47: =IFERROR(C47/COUNTIF('HZ-ASD Tracker'!$A$5:$A$994,"<>"),0) -> 0.48275862 | F47: =IF(E47=0,"",E47) -> 0.48275862 | G47: =IF(B47=0,"",B47) -> 9
A48: =TODAY()-6 -> 46254 | B48: =COUNTIFS('HZ-ASD Tracker'!$M$5:$M$994,TODAY()-6,'HZ-ASD Tracker'!$E$5:$E$994,"Closed") -> 24 | C48: =COUNTIFS('HZ-ASD Tracker'!$M$5:$M$994,"<="&TODAY()-6,'HZ-ASD Tracker'!$E$5:$E$994,"Closed") -> 248 | D48: =COUNTIF('HZ-ASD Tracker'!$A$5:$A$994,"<>")-C48 -> 216 | E48: =IFERROR(C48/COUNTIF('HZ-ASD Tracker'!$A$5:$A$994,"<>"),0) -> 0.53448276 | F48: =IF(E48=0,"",E48) -> 0.53448276 | G48: =IF(B48=0,"",B48) -> 24
A49: =TODAY()-5 -> 46255 | B49: =COUNTIFS('HZ-ASD Tracker'!$M$5:$M$994,TODAY()-5,'HZ-ASD Tracker'!$E$5:$E$994,"Closed") -> 0 | C49: =COUNTIFS('HZ-ASD Tracker'!$M$5:$M$994,"<="&TODAY()-5,'HZ-ASD Tracker'!$E$5:$E$994,"Closed") -> 248 | D49: =COUNTIF('HZ-ASD Tracker'!$A$5:$A$994,"<>")-C49 -> 216 | E49: =IFERROR(C49/COUNTIF('HZ-ASD Tracker'!$A$5:$A$994,"<>"),0) -> 0.53448276 | F49: =IF(E49=0,"",E49) -> 0.53448276 | G49: =IF(B49=0,"",B49)
A50: =TODAY()-4 -> 46256 | B50: =COUNTIFS('HZ-ASD Tracker'!$M$5:$M$994,TODAY()-4,'HZ-ASD Tracker'!$E$5:$E$994,"Closed") -> 0 | C50: =COUNTIFS('HZ-ASD Tracker'!$M$5:$M$994,"<="&TODAY()-4,'HZ-ASD Tracker'!$E$5:$E$994,"Closed") -> 248 | D50: =COUNTIF('HZ-ASD Tracker'!$A$5:$A$994,"<>")-C50 -> 216 | E50: =IFERROR(C50/COUNTIF('HZ-ASD Tracker'!$A$5:$A$994,"<>"),0) -> 0.53448276 | F50: =IF(E50=0,"",E50) -> 0.53448276 | G50: =IF(B50=0,"",B50)
A51: =TODAY()-3 -> 46257 | B51: =COUNTIFS('HZ-ASD Tracker'!$M$5:$M$994,TODAY()-3,'HZ-ASD Tracker'!$E$5:$E$994,"Closed") -> 39 | C51: =COUNTIFS('HZ-ASD Tracker'!$M$5:$M$994,"<="&TODAY()-3,'HZ-ASD Tracker'!$E$5:$E$994,"Closed") -> 287 | D51: =COUNTIF('HZ-ASD Tracker'!$A$5:$A$994,"<>")-C51 -> 177 | E51: =IFERROR(C51/COUNTIF('HZ-ASD Tracker'!$A$5:$A$994,"<>"),0) -> 0.61853448 | F51: =IF(E51=0,"",E51) -> 0.61853448 | G51: =IF(B51=0,"",B51) -> 39
A52: =TODAY()-2 -> 46258 | B52: =COUNTIFS('HZ-ASD Tracker'!$M$5:$M$994,TODAY()-2,'HZ-ASD Tracker'!$E$5:$E$994,"Closed") -> 23 | C52: =COUNTIFS('HZ-ASD Tracker'!$M$5:$M$994,"<="&TODAY()-2,'HZ-ASD Tracker'!$E$5:$E$994,"Closed") -> 310 | D52: =COUNTIF('HZ-ASD Tracker'!$A$5:$A$994,"<>")-C52 -> 154 | E52: =IFERROR(C52/COUNTIF('HZ-ASD Tracker'!$A$5:$A$994,"<>"),0) -> 0.66810345 | F52: =IF(E52=0,"",E52) -> 0.66810345 | G52: =IF(B52=0,"",B52) -> 23
A53: =TODAY()-1 -> 46259 | B53: =COUNTIFS('HZ-ASD Tracker'!$M$5:$M$994,TODAY()-1,'HZ-ASD Tracker'!$E$5:$E$994,"Closed") -> 0 | C53: =COUNTIFS('HZ-ASD Tracker'!$M$5:$M$994,"<="&TODAY()-1,'HZ-ASD Tracker'!$E$5:$E$994,"Closed") -> 310 | D53: =COUNTIF('HZ-ASD Tracker'!$A$5:$A$994,"<>")-C53 -> 154 | E53: =IFERROR(C53/COUNTIF('HZ-ASD Tracker'!$A$5:$A$994,"<>"),0) -> 0.66810345 | F53: =IF(E53=0,"",E53) -> 0.66810345 | G53: =IF(B53=0,"",B53)
A54: =TODAY()-0 -> 46260 | B54: =COUNTIFS('HZ-ASD Tracker'!$M$5:$M$994,TODAY()-0,'HZ-ASD Tracker'!$E$5:$E$994,"Closed") -> 0 | C54: =COUNTIFS('HZ-ASD Tracker'!$M$5:$M$994,"<="&TODAY()-0,'HZ-ASD Tracker'!$E$5:$E$994,"Closed") -> 310 | D54: =COUNTIF('HZ-ASD Tracker'!$A$5:$A$994,"<>")-C54 -> 154 | E54: =IFERROR(C54/COUNTIF('HZ-ASD Tracker'!$A$5:$A$994,"<>"),0) -> 0.66810345 | F54: =IF(E54=0,"",E54) -> 0.66810345 | G54: =IF(B54=0,"",B54)
A56: 🔓 ACCESS CARDS | E56: =IF(NOT(ISNUMBER(LAYOVER!$C$28)),"close-up date TBD",IF(TODAY()>LAYOVER!$C$28,"⚠️ close-up PASSED — "&COUNTIFS('HZ-ASD Tracker'!$A$5:$A$994,"<>",'HZ-ASD Tracker'!$F$5:$F$994,"ACCESS",'HZ-ASD Tracker'!$E$5:$E$994,"<>Closed")&" open","close-up in "&(LAYOVER!$C$28-TODAY())&" d · "&COUNTIFS('HZ-ASD Tracker'!$A$5:$A$994,"<>",'HZ-ASD Tracker'!$F$5:$F$994,"ACCESS",'HZ-ASD Tracker'!$E$5:$E$994,"<>Closed")&" open")) -> ⚠️ close-up PASSED — 28 open
A57: 🔴 Still Open | B57: =COUNTIFS('HZ-ASD Tracker'!$A$5:$A$994,"<>",'HZ-ASD Tracker'!$F$5:$F$994,"ACCESS",'HZ-ASD Tracker'!$E$5:$E$994,"<>Closed") -> 28 | C57: =COUNTIFS('HZ-ASD Tracker'!$A$5:$A$994,"<>",'HZ-ASD Tracker'!$F$5:$F$994,"ACCESS") -> 31 | D57: =IFERROR(B57/C57,0) -> 0.90322581
A58: 🟢 Closed | B58: =COUNTIFS('HZ-ASD Tracker'!$A$5:$A$994,"<>",'HZ-ASD Tracker'!$F$5:$F$994,"ACCESS",'HZ-ASD Tracker'!$E$5:$E$994,"Closed") -> 3 | C58: =COUNTIFS('HZ-ASD Tracker'!$A$5:$A$994,"<>",'HZ-ASD Tracker'!$F$5:$F$994,"ACCESS") -> 31 | D58: =IFERROR(B58/C58,0) -> 0.096774194 | G58: =IF(D58=0,"",D58) -> 0.096774194
A61: ⚙️ STATUS · PARTS · WORKLOAD
A62: ="🔧 PARTS — Requested: "&COUNTIFS('HZ-ASD Tracker'!$A$5:$A$994,"<>",'HZ-ASD Tracker'!$H$5:$H$994,"Requested")&" · Pending EVAL: "&COUNTIFS('HZ-ASD Tracker'!$A$5:$A$994,"<>",'HZ-ASD Tracker'!$H$5:$H$994,"Pending EVAL")&" · Not required: "&COUNTIFS('HZ-ASD Tracker'!$A$5:$A$994,"<>",'HZ-ASD Tracker'!$H$5:$H$994,"N/R") -> 🔧 PARTS — Requested: 204 · Pending EVAL: 0 · Not required: 0
A63: ="⏸ ON HOLD / DEFERRED — Deferred: "&COUNTIFS('HZ-ASD Tracker'!$A$5:$A$994,"<>",'HZ-ASD Tracker'!$E$5:$E$994,"Deferred")&" · On Hold: "&COUNTIFS('HZ-ASD Tracker'!$A$5:$A$994,"<>",'HZ-ASD Tracker'!$E$5:$E$994,"On Hold")&" · HPC: "&COUNTIFS('HZ-ASD Tracker'!$A$5:$A$994,"<>",'HZ-ASD Tracker'!$E$5:$E$994,"HPC") -> ⏸ ON HOLD / DEFERRED — Deferred: 0 · On Hold: 0 · HPC: 0
A64: ="🕐 CABIN WORKLOAD — Estimated "&TEXT(SUM('HZ-ASD Tracker'!$N$5:$N$994),"#,##0")&" MH · Booked "&TEXT(SUM('HZ-ASD Tracker'!$P$5:$P$994),"#,##0")&" MH · Booked / Est "&TEXT(IFERROR(SUM('HZ-ASD Tracker'!$P$5:$P$994)/SUM('HZ-ASD Tracker'!$N$5:$N$994),0),"0%") -> 🕐 CABIN WORKLOAD — Estimated 2,678 MH · Booked 5,761 MH · Booked / Est 215%
A66: 🕐 WORKLOAD BY SPECIALTY (MH) | C66: EST MH | D66: BOOKED MH | E66: SHARE % (EST) | F66: SHARE % (BOOKED)
A67: CAB | C67: =SUMIFS('HZ-ASD Tracker'!$N$5:$N$994,'HZ-ASD Tracker'!$G$5:$G$994,"CAB") -> 413.11 | D67: =SUMIFS('HZ-ASD Tracker'!$P$5:$P$994,'HZ-ASD Tracker'!$G$5:$G$994,"CAB") -> 2431.94 | E67: =IFERROR(C67/SUM('HZ-ASD Tracker'!$N$5:$N$994),0) -> 0.15428369 | F67: =IFERROR(D67/SUM('HZ-ASD Tracker'!$P$5:$P$994),0) -> 0.42215977 | G67: =IF(E67=0,"",E67) -> 0.15428369
A68: SEAT | C68: =SUMIFS('HZ-ASD Tracker'!$N$5:$N$994,'HZ-ASD Tracker'!$G$5:$G$994,"SEAT") -> 627.83 | D68: =SUMIFS('HZ-ASD Tracker'!$P$5:$P$994,'HZ-ASD Tracker'!$G$5:$G$994,"SEAT") -> 991.82 | E68: =IFERROR(C68/SUM('HZ-ASD Tracker'!$N$5:$N$994),0) -> 0.2344749 | F68: =IFERROR(D68/SUM('HZ-ASD Tracker'!$P$5:$P$994),0) -> 0.17216975 | G68: =IF(E68=0,"",E68) -> 0.2344749
A69: AV | C69: =SUMIFS('HZ-ASD Tracker'!$N$5:$N$994,'HZ-ASD Tracker'!$G$5:$G$994,"AV") -> 769.21 | D69: =SUMIFS('HZ-ASD Tracker'!$P$5:$P$994,'HZ-ASD Tracker'!$G$5:$G$994,"AV") -> 551.3 | E69: =IFERROR(C69/SUM('HZ-ASD Tracker'!$N$5:$N$994),0) -> 0.28727592 | F69: =IFERROR(D69/SUM('HZ-ASD Tracker'!$P$5:$P$994),0) -> 0.095700009 | G69: =IF(E69=0,"",E69) -> 0.28727592
A70: WALL | C70: =SUMIFS('HZ-ASD Tracker'!$N$5:$N$994,'HZ-ASD Tracker'!$G$5:$G$994,"WALL") -> 212 | D70: =SUMIFS('HZ-ASD Tracker'!$P$5:$P$994,'HZ-ASD Tracker'!$G$5:$G$994,"WALL") -> 360.5 | E70: =IFERROR(C70/SUM('HZ-ASD Tracker'!$N$5:$N$994),0) -> 0.079175381 | F70: =IFERROR(D70/SUM('HZ-ASD Tracker'!$P$5:$P$994),0) -> 0.062579092 | G70: =IF(E70=0,"",E70) -> 0.079175381
A71: S/M | C71: =SUMIFS('HZ-ASD Tracker'!$N$5:$N$994,'HZ-ASD Tracker'!$G$5:$G$994,"S/M") -> 8 | D71: =SUMIFS('HZ-ASD Tracker'!$P$5:$P$994,'HZ-ASD Tracker'!$G$5:$G$994,"S/M") -> 182.85 | E71: =IFERROR(C71/SUM('HZ-ASD Tracker'!$N$5:$N$994),0) -> 0.0029877502 | F71: =IFERROR(D71/SUM('HZ-ASD Tracker'!$P$5:$P$994),0) -> 0.031740879 | G71: =IF(E71=0,"",E71) -> 0.0029877502
A72: PAINT | C72: =SUMIFS('HZ-ASD Tracker'!$N$5:$N$994,'HZ-ASD Tracker'!$G$5:$G$994,"PAINT") -> 184 | D72: =SUMIFS('HZ-ASD Tracker'!$P$5:$P$994,'HZ-ASD Tracker'!$G$5:$G$994,"PAINT") -> 238.65 | E72: =IFERROR(C72/SUM('HZ-ASD Tracker'!$N$5:$N$994),0) -> 0.068718255 | F72: =IFERROR(D72/SUM('HZ-ASD Tracker'!$P$5:$P$994),0) -> 0.041427185 | G72: =IF(E72=0,"",E72) -> 0.068718255
A73: JOINT | C73: =SUMIFS('HZ-ASD Tracker'!$N$5:$N$994,'HZ-ASD Tracker'!$G$5:$G$994,"JOINT") -> 138.51 | D73: =SUMIFS('HZ-ASD Tracker'!$P$5:$P$994,'HZ-ASD Tracker'!$G$5:$G$994,"JOINT") -> 776.4 | E73: =IFERROR(C73/SUM('HZ-ASD Tracker'!$N$5:$N$994),0) -> 0.05172916 | F73: =IFERROR(D73/SUM('HZ-ASD Tracker'!$P$5:$P$994),0) -> 0.13477505 | G73: =IF(E73=0,"",E73) -> 0.05172916
A74: INSP | C74: =SUMIFS('HZ-ASD Tracker'!$N$5:$N$994,'HZ-ASD Tracker'!$G$5:$G$994,"INSP") -> 95.37 | D74: =SUMIFS('HZ-ASD Tracker'!$P$5:$P$994,'HZ-ASD Tracker'!$G$5:$G$994,"INSP") -> 137.22 | E74: =IFERROR(C74/SUM('HZ-ASD Tracker'!$N$5:$N$994),0) -> 0.035617717 | F74: =IFERROR(D74/SUM('HZ-ASD Tracker'!$P$5:$P$994),0) -> 0.023819981 | G74: =IF(E74=0,"",E74) -> 0.035617717
A75: AP | C75: =SUMIFS('HZ-ASD Tracker'!$N$5:$N$994,'HZ-ASD Tracker'!$G$5:$G$994,"AP") -> 125.17 | D75: =SUMIFS('HZ-ASD Tracker'!$P$5:$P$994,'HZ-ASD Tracker'!$G$5:$G$994,"AP") -> 79.58 | E75: =IFERROR(C75/SUM('HZ-ASD Tracker'!$N$5:$N$994),0) -> 0.046747087 | F75: =IFERROR(D75/SUM('HZ-ASD Tracker'!$P$5:$P$994),0) -> 0.013814269 | G75: =IF(E75=0,"",E75) -> 0.046747087
A78: ✈️ AIRCRAFT PACKAGE — ALL TRADES
A79: TOTAL | B79: CLOSED | C79: OPEN | D79: DONE | E79: TIME | F79: EST MH | G79: BOOKED
A80: =COUNTIF('FULL PKG'!$B$2:$B$3000,"<>") -> 1509 | B80: =COUNTIF('FULL PKG'!$H$2:$H$3000,"Closed") -> 1113 | C80: =COUNTIF('FULL PKG'!$B$2:$B$3000,"<>")-COUNTIF('FULL PKG'!$H$2:$H$3000,"Closed") -> 396 | D80: =IFERROR(COUNTIF('FULL PKG'!$H$2:$H$3000,"Closed")/COUNTIF('FULL PKG'!$B$2:$B$3000,"<>"),0) -> 0.73757455 | E80: =MIN(MAX((TODAY()-DASHBOARD!$M$1+1)/(DASHBOARD!$M$2-DASHBOARD!$M$1+1),0),1) -> 1 | F80: =SUM('FULL PKG'!$E$2:$E$3000) -> 7002.32 | G80: =SUM('FULL PKG'!$F$2:$F$3000) -> 23534.54
A81: ="⚖️ CLOSURE — Cabin "&COUNTIFS('HZ-ASD Tracker'!$A$5:$A$994,"<>",'HZ-ASD Tracker'!$E$5:$E$994,"Closed")&"/"&COUNTIF('HZ-ASD Tracker'!$A$5:$A$994,"<>")&" ("&TEXT(IFERROR(COUNTIFS('HZ-ASD Tracker'!$A$5:$A$994,"<>",'HZ-ASD Tracker'!$E$5:$E$994,"Closed")/COUNTIF('HZ-ASD Tracker'!$A$5:$A$994,"<>"),0),"0%")&") · Non-cabin "&(COUNTIF('FULL PKG'!$H$2:$H$3000,"Closed")-COUNTIFS('HZ-ASD Tracker'!$A$5:$A$994,"<>",'HZ-ASD Tracker'!$E$5:$E$994,"Closed"))&"/"&(COUNTIF('FULL PKG'!$B$2:$B$3000,"<>")-COUNTIF('HZ-ASD Tracker'!$A$5:$A$994,"<>"))&" ("&TEXT(IFERROR((COUNTIF('FULL PKG'!$H$2:$H$3000,"Closed")-COUNTIFS('HZ-ASD Tracker'!$A$5:$A$994,"<>",'HZ-ASD Tracker'!$E$5:$E$994,"Closed"))/MAX(1,COUNTIF('FULL PKG'!$B$2:$B$3000,"<>")-COUNTIF('HZ-ASD Tracker'!$A$5:$A$994,"<>")),0),"0%")&") · Package "&COUNTIF('FULL PKG'!$H$2:$H$3000,"Closed")&"/"&COUNTIF('FULL PKG'!$B$2:$B$3000,"<>")&" ("&TEXT(IFERROR(COUNTIF('FULL PKG'!$H$2:$H$3000,"Closed")/COUNTIF('FULL PKG'!$B$2:$B$3000,"<>"),0),"0%")&")" -> ⚖️ CLOSURE — Cabin 310/464 (67%) · Non-cabin 803/1045 (77%) · Package 1113/1509 (74%)
A82: ="⏱ ESTIMATED MH — Cabin "&TEXT(SUM('HZ-ASD Tracker'!$N$5:$N$994),"#,##0")&"h · Non-cabin "&TEXT(SUM('FULL PKG'!$E$2:$E$3000)-SUM('HZ-ASD Tracker'!$N$5:$N$994),"#,##0")&"h · Cabin share "&TEXT(IFERROR(SUM('HZ-ASD Tracker'!$N$5:$N$994)/SUM('FULL PKG'!$E$2:$E$3000),0),"0%") -> ⏱ ESTIMATED MH — Cabin 2,678h · Non-cabin 4,325h · Cabin share 38%
A83: ="⏱ BOOKED MH — Cabin "&TEXT(SUM('HZ-ASD Tracker'!$P$5:$P$994),"#,##0")&"h · Non-cabin "&TEXT(SUM('FULL PKG'!$F$2:$F$3000)-SUM('HZ-ASD Tracker'!$P$5:$P$994),"#,##0")&"h · Cabin share "&TEXT(IFERROR(SUM('HZ-ASD Tracker'!$P$5:$P$994)/SUM('FULL PKG'!$F$2:$F$3000),0),"0%") -> ⏱ BOOKED MH — Cabin 5,761h · Non-cabin 17,774h · Cabin share 24%
A84: 📍 BY AREA
A85: AREA | B85: CARDS | C85: CLOSED | D85: DONE % | E85: EST MH | F85: BOOKED MH
A86: FWD | B86: =COUNTIFS('HZ-ASD Tracker'!$A$5:$A$994,"<>",'HZ-ASD Tracker'!$K$5:$K$994,"FWD") -> 167 | C86: =COUNTIFS('HZ-ASD Tracker'!$A$5:$A$994,"<>",'HZ-ASD Tracker'!$K$5:$K$994,"FWD",'HZ-ASD Tracker'!$E$5:$E$994,"Closed") -> 119 | D86: =IFERROR(C86/B86,0) -> 0.71257485 | E86: =SUMIFS('HZ-ASD Tracker'!$N$5:$N$994,'HZ-ASD Tracker'!$K$5:$K$994,"FWD") -> 291.96 | F86: =SUMIFS('HZ-ASD Tracker'!$P$5:$P$994,'HZ-ASD Tracker'!$K$5:$K$994,"FWD") -> 1467.05
A87: AFT | B87: =COUNTIFS('HZ-ASD Tracker'!$A$5:$A$994,"<>",'HZ-ASD Tracker'!$K$5:$K$994,"AFT") -> 111 | C87: =COUNTIFS('HZ-ASD Tracker'!$A$5:$A$994,"<>",'HZ-ASD Tracker'!$K$5:$K$994,"AFT",'HZ-ASD Tracker'!$E$5:$E$994,"Closed") -> 67 | D87: =IFERROR(C87/B87,0) -> 0.6036036 | E87: =SUMIFS('HZ-ASD Tracker'!$N$5:$N$994,'HZ-ASD Tracker'!$K$5:$K$994,"AFT") -> 352.17 | F87: =SUMIFS('HZ-ASD Tracker'!$P$5:$P$994,'HZ-ASD Tracker'!$K$5:$K$994,"AFT") -> 1059.74
A88: JOINT | B88: =COUNTIFS('HZ-ASD Tracker'!$A$5:$A$994,"<>",'HZ-ASD Tracker'!$K$5:$K$994,"JOINT") -> 116 | C88: =COUNTIFS('HZ-ASD Tracker'!$A$5:$A$994,"<>",'HZ-ASD Tracker'!$K$5:$K$994,"JOINT",'HZ-ASD Tracker'!$E$5:$E$994,"Closed") -> 69 | D88: =IFERROR(C88/B88,0) -> 0.59482759 | E88: =SUMIFS('HZ-ASD Tracker'!$N$5:$N$994,'HZ-ASD Tracker'!$K$5:$K$994,"JOINT") -> 1228.02 | F88: =SUMIFS('HZ-ASD Tracker'!$P$5:$P$994,'HZ-ASD Tracker'!$K$5:$K$994,"JOINT") -> 2487.57
A89: 🐌 STALLED CARDS — open for weeks with almost no hours booked
A90: WO / Task | B90: Description | E90: Dur h | F90: Booked | G90: IDLE MH
A91: 80944787 | B91: PANEL 41C CEILING PANEL FOUND DAMAGE | E91: 6861 | F91: 16 | G91: 6845
A92: 81002632 | B92: AFT GALLEY COMP COVERT ATTACHMENT FITTING S302 S303 S304 L | E92: 2354 | F92: 15 | G92: 2339
A93: 81172702 | B93: IFE REMOTE CONTROL VHS REMOTE CONTROL FOR 1L IS BROKEN BY | E93: 763 | F93: 4 | G93: 760
A94: 94844868 | B94: L2 PAX DOOR REF. TO W/O: 94844866 LH-AFT PASSENGER DOOR SE | E94: 466 | F94: 35 | G94: 431
A95: 32982199 | B95: RII-CAB-L1 INBOARD AND OUTBOARD L1 INBOARD AND OUTBOARD WA | E95: 370 | F95: 2 | G95: 369
A96: 32982200 | B96: RII-CAB-SWIVEL SWIVEL FLIGHT ATTENDANT SEAT REQUIRE REMOVA | E96: 370 | F96: 2 | G96: 368
A97: 32982203 | B97: RII-CALLBACK L1 INBOARD AND OUTBOARD WALL-MOUNTED FLIGHT A | E97: 371 | F97: 4 | G97: 367
A98: 32982197 | B98: CAB-CALLBACK R2 STOWAGE REMOVED FOR ACCESS | E98: 372 | F98: 10 | G98: 363

Sheet AOG
A1: AOG / MATERIAL — CABIN CARDS · HZ-ASD C2+6Y · 19-Aug-2026
A2: ="Part lines: "&COUNTIF($B$4:$B$185,"<>")&" · 🔴 NOT AVAILABLE: "&COUNTIF($I$4:$I$185,"NOT AVAILABLE")&" · 🟢 AVAILABLE: "&COUNTIF($I$4:$I$185,"AVAILABLE") -> Part lines: 12 · 🔴 NOT AVAILABLE: 10 · 🟢 AVAILABLE: 0
A3: # | B3: WO | C3: Seq | D3: Card Description | E3: Part No. | F3: Part Description | G3: Qty | H3: Unit | I3: Availability | J3: Transfer | K3: Created | L3: Note | M3: Delivery
A4: =IF($B4="","",COUNTA($B$4:$B4)) -> 1 | B4: 32984848 | C4: 1012 | D4: SM - NO CALLBACK - GALLEY G2 G2 GALLEY COMP. 205, 202, AND 209 MISSING STRIKER. | E4: SP0614 | F4: STRIKER PLATE U/O PN 330SVA4RGA00 | G4: 3 | H4: EA | I4: NOT AVAILABLE | J4: TRANSFER_NEEDED | K4: 20.Jul.2026 | L4: — | M4: —
A5: =IF($B5="","",COUNTA($B$4:$B5)) -> 2 | B5: 32985332 | C5: 1038 | D5: CAB - NO CALL BACK L1 DOOR INBOARD F/A SEAT BELT DIRTY | E5: 4115-1-131-8110 | F5: RESTRNT-SYSTEM | G5: 2 | H5: EA | I5: NOT AVAILABLE | J5: — | K5: 20.Jul.2026 | L5: P26081726, 60 EA, EDD 10AUG26 | M5: —
A6: =IF($B6="","",COUNTA($B$4:$B6)) -> 3 | B6: 32985343 | C6: 1045 | D6: CAB - NO CALLBACK L1 DOOR OUTBOARD F/A SEAT BELT DIRTY | E6: 4115-1-131-8110 | F6: RESTRNT-SYSTEM | G6: 2 | H6: EA | I6: NOT AVAILABLE | J6: — | K6: 20.Jul.2026 | L6: P26081726, 60 EA, EDD 10AUG26 | M6: —
A7: =IF($B7="","",COUNTA($B$4:$B7)) -> 4 | B7: 32991511 | C7: 1202 | D7: CAB - RII - LAV E LAV E ACCESS DOOR WASTE COMPARTMENT WITH SMALL CRACK NEXT TO LATCH. | E7: A225400429-750 | F7: DOOR ASSY-WASHBASIN | G7: 1 | H7: EA | I7: NOT AVAILABLE | J7: — | K7: 23.Jul.2026 | L7: — | M7: —
A8: =IF($B8="","",COUNTA($B$4:$B8)) -> 5 | B8: 32988850 | C8: 1121 | D8: CAB - NO CALLBACK - FWD GALLEY FWD GALLEY 8 EA AIR FLAP SEAL DETERIORATED. | E8: SP1395 | F8: VALVE ASSY-FLAP | G8: 6 | H8: EA | I8: NOT AVAILABLE | J8: — | K8: 27.Jul.2026 | L8: 02 EA ISSUED TO ACFT, PO P26712626, 03 EA, NEW PO, U/APPROVAL. | M8: —
A9: =IF($B9="","",COUNTA($B$4:$B9)) -> 6 | B9: 33022670 | C9: 1342 | D9: CAB - NO CALL BACK - GALLEY G2 GALLEY FOOT STEP LEVER MISSING | E9: 3212MU01SA41 | F9: FOOTSTEP ASSY | G9: 1 | H9: EA | I9: NOT AVAILABLE | J9: — | K9: 28.Jul.2026 | L9: — | M9: —
A10: =IF($B10="","",COUNTA($B$4:$B10)) -> 7 | B10: 32985350 | C10: 1049 | D10: CAB - NO CALLBACK L1 DOOR OUTBOARD F/A SEAT LOWER BACK CUSHION WORN OUT | E10: 2E7003-1 | F10: CUSHION-BACK | G10: 2 | H10: EA | I10: NOT AVAILABLE | J10: TRANSFER_NEEDED | K10: 30.Jul.2026 | L10: AVBL (JED=1,RUH=5). | M10: —
A11: =IF($B11="","",COUNTA($B$4:$B11)) -> 8 | B11: 32985304 | C11: 1036 | D11: CAB - NO CALLBACK L1 DOOR INBOARD F/A SEAT LOWER BACK CUSHION WORN OUT | E11: 2E7003-1 | F11: CUSHION-BACK | G11: 1 | H11: EA | I11: NOT AVAILABLE | J11: TRANSFER_NEEDED | K11: 30.Jul.2026 | L11: AVBL (JED=1,RUH=5). | M11: —
A12: =IF($B12="","",COUNTA($B$4:$B12)) -> 9 | B12: 32985832 | C12: 1061 | D12: CAB -RII DURING OXYGEN GENERATOR CHECK FOUND GREEN LANYARD MISSING AND BRIDLE ASSY AT SEAT# 1 AC,2AC ,4AC,5AC,30ABC,31ABC,32ABC,34ABC,35ABC,36ABC,37ABC,38ABC,40ABC,41ABC,42ABC,43ABC,44ABC, | E12: E60614-00-0240 | F12: LANYARD, GENERATOR RELEASE (GREEN) | G12: 72 | H12: EA | I12: ORDERED | J12: — | K12: 04.Aug.2026 | L12: — | M12: 15.Aug.2026
A13: =IF($B13="","",COUNTA($B$4:$B13)) -> 10 | B13: 32985833 | C13: 1062 | D13: CAB -RII DURING OXYGEN GENERATOR CHECK FOUND GREEN LANYARD MISSING AND BRIDLE ASSY AT SEAT# 2JL,4JL,30JKL,31JKL32JKL,34JKL,36JKL,37JKL,38JKL,39JKL,40JKL,41JKL,42JKL,43JKL,44JKL. | E13: E60614-00-0240 | F13: LANYARD, GENERATOR RELEASE (GREEN) | G13: 72 | H13: EA | I13: ORDERED | J13: — | K13: 04.Aug.2026 | L13: — | M13: 05.Aug.2026
A14: =IF($B14="","",COUNTA($B$4:$B14)) -> 11 | B14: 32984848 | C14: 1012 | D14: SM - NO CALLBACK - GALLEY G2 G2 GALLEY COMP. 205, 202, AND 209 MISSING STRIKER. | E14: SP0614 | F14: STRIKER PLATE U/O PN 330SVA4RGA00 | G14: 3 | H14: EA | I14: NOT AVAILABLE | J14: TRANSFER_NEEDED | K14: 06.Aug.2026 | L14: — | M14: —
A15: =IF($B15="","",COUNTA($B$4:$B15)) -> 12 | B15: 33069524 | C15: 1431 | D15: CAB - NO CALLBACK -AFT GALLEY AFT GALLEY 1 EA AIR FLAP SEALTORN. | E15: SP1395 | F15: VALVE ASSY-FLAP | G15: 1 | H15: EA | I15: NOT AVAILABLE | J15: — | K15: 06.Aug.2026 | L15: — | M15: —

Sheet LAYOVER
D1: HZ-ASD C2+6Y-CHK + WIFI — LAYOVER SCHEDULE | AQ1: ="O.O.S "&TEXT(DASHBOARD!$M$1-1,"DD-MMM")&" B.I.S "&TEXT(DASHBOARD!$M$2,"DD-MMM")&" GROUND TIME "&(DASHBOARD!$M$2-DASHBOARD!$M$1+1)&" DAYS" -> O.O.S 17-Jul B.I.S 24-Aug GROUND TIME 38 DAYS
A3: TASK | B3: Start | C3: Finish | D3: =IF(DASHBOARD!$M$2-DASHBOARD!$M$1>=0,"Day "&1,"") -> Day 1 | G3: =IF(DASHBOARD!$M$2-DASHBOARD!$M$1>=1,"Day "&2,"") -> Day 2 | J3: =IF(DASHBOARD!$M$2-DASHBOARD!$M$1>=2,"Day "&3,"") -> Day 3 | M3: =IF(DASHBOARD!$M$2-DASHBOARD!$M$1>=3,"Day "&4,"") -> Day 4 | P3: =IF(DASHBOARD!$M$2-DASHBOARD!$M$1>=4,"Day "&5,"") -> Day 5 | S3: =IF(DASHBOARD!$M$2-DASHBOARD!$M$1>=5,"Day "&6,"") -> Day 6 | V3: =IF(DASHBOARD!$M$2-DASHBOARD!$M$1>=6,"Day "&7,"") -> Day 7 | Y3: =IF(DASHBOARD!$M$2-DASHBOARD!$M$1>=7,"Day "&8,"") -> Day 8 | AB3: =IF(DASHBOARD!$M$2-DASHBOARD!$M$1>=8,"Day "&9,"") -> Day 9 | AE3: =IF(DASHBOARD!$M$2-DASHBOARD!$M$1>=9,"Day "&10,"") -> Day 10 | AH3: =IF(DASHBOARD!$M$2-DASHBOARD!$M$1>=10,"Day "&11,"") -> Day 11 | AK3: =IF(DASHBOARD!$M$2-DASHBOARD!$M$1>=11,"Day "&12,"") -> Day 12 | AN3: =IF(DASHBOARD!$M$2-DASHBOARD!$M$1>=12,"Day "&13,"") -> Day 13 | AQ3: =IF(DASHBOARD!$M$2-DASHBOARD!$M$1>=13,"Day "&14,"") -> Day 14 | AT3: =IF(DASHBOARD!$M$2-DASHBOARD!$M$1>=14,"Day "&15,"") -> Day 15 | AW3: =IF(DASHBOARD!$M$2-DASHBOARD!$M$1>=15,"Day "&16,"") -> Day 16 | AZ3: =IF(DASHBOARD!$M$2-DASHBOARD!$M$1>=16,"Day "&17,"") -> Day 17 | BC3: =IF(DASHBOARD!$M$2-DASHBOARD!$M$1>=17,"Day "&18,"") -> Day 18 | BF3: =IF(DASHBOARD!$M$2-DASHBOARD!$M$1>=18,"Day "&19,"") -> Day 19 | BI3: =IF(DASHBOARD!$M$2-DASHBOARD!$M$1>=19,"Day "&20,"") -> Day 20 | BL3: =IF(DASHBOARD!$M$2-DASHBOARD!$M$1>=20,"Day "&21,"") -> Day 21 | BO3: =IF(DASHBOARD!$M$2-DASHBOARD!$M$1>=21,"Day "&22,"") -> Day 22 | BR3: =IF(DASHBOARD!$M$2-DASHBOARD!$M$1>=22,"Day "&23,"") -> Day 23 | BU3: =IF(DASHBOARD!$M$2-DASHBOARD!$M$1>=23,"Day "&24,"") -> Day 24 | BX3: =IF(DASHBOARD!$M$2-DASHBOARD!$M$1>=24,"Day "&25,"") -> Day 25 | CA3: =IF(DASHBOARD!$M$2-DASHBOARD!$M$1>=25,"Day "&26,"") -> Day 26 | CD3: =IF(DASHBOARD!$M$2-DASHBOARD!$M$1>=26,"Day "&27,"") -> Day 27 | CG3: =IF(DASHBOARD!$M$2-DASHBOARD!$M$1>=27,"Day "&28,"") -> Day 28 | CJ3: =IF(DASHBOARD!$M$2-DASHBOARD!$M$1>=28,"Day "&29,"") -> Day 29 | CM3: =IF(DASHBOARD!$M$2-DASHBOARD!$M$1>=29,"Day "&30,"") -> Day 30 | CP3: =IF(DASHBOARD!$M$2-DASHBOARD!$M$1>=30,"Day "&31,"") -> Day 31 | CS3: =IF(DASHBOARD!$M$2-DASHBOARD!$M$1>=31,"Day "&32,"") -> Day 32 | CV3: =IF(DASHBOARD!$M$2-DASHBOARD!$M$1>=32,"Day "&33,"") -> Day 33 | CY3: =IF(DASHBOARD!$M$2-DASHBOARD!$M$1>=33,"Day "&34,"") -> Day 34 | DB3: =IF(DASHBOARD!$M$2-DASHBOARD!$M$1>=34,"Day "&35,"") -> Day 35 | DE3: =IF(DASHBOARD!$M$2-DASHBOARD!$M$1>=35,"Day "&36,"") -> Day 36 | DH3: =IF(DASHBOARD!$M$2-DASHBOARD!$M$1>=36,"Day "&37,"") -> Day 37 | DK3: =IF(DASHBOARD!$M$2-DASHBOARD!$M$1>=37,"Day "&38,"") -> Day 38 | DN3: =IF(DASHBOARD!$M$2-DASHBOARD!$M$1>=38,"Day "&39,"") | DQ3: =IF(DASHBOARD!$M$2-DASHBOARD!$M$1>=39,"Day "&40,"") | DT3: =IF(DASHBOARD!$M$2-DASHBOARD!$M$1>=40,"Day "&41,"") | DW3: =IF(DASHBOARD!$M$2-DASHBOARD!$M$1>=41,"Day "&42,"") | DZ3: =IF(DASHBOARD!$M$2-DASHBOARD!$M$1>=42,"Day "&43,"") | EC3: =IF(DASHBOARD!$M$2-DASHBOARD!$M$1>=43,"Day "&44,"") | EF3: =IF(DASHBOARD!$M$2-DASHBOARD!$M$1>=44,"Day "&45,"") | EI3: =IF(DASHBOARD!$M$2-DASHBOARD!$M$1>=45,"Day "&46,"") | EL3: =IF(DASHBOARD!$M$2-DASHBOARD!$M$1>=46,"Day "&47,"") | EO3: =IF(DASHBOARD!$M$2-DASHBOARD!$M$1>=47,"Day "&48,"") | ER3: =IF(DASHBOARD!$M$2-DASHBOARD!$M$1>=48,"Day "&49,"") | EU3: =IF(DASHBOARD!$M$2-DASHBOARD!$M$1>=49,"Day "&50,"")
D4: =IF(DASHBOARD!$M$2-DASHBOARD!$M$1>=0,DASHBOARD!$M$1+0,"") -> 46221 | G4: =IF(DASHBOARD!$M$2-DASHBOARD!$M$1>=1,DASHBOARD!$M$1+1,"") -> 46222 | J4: =IF(DASHBOARD!$M$2-DASHBOARD!$M$1>=2,DASHBOARD!$M$1+2,"") -> 46223 | M4: =IF(DASHBOARD!$M$2-DASHBOARD!$M$1>=3,DASHBOARD!$M$1+3,"") -> 46224 | P4: =IF(DASHBOARD!$M$2-DASHBOARD!$M$1>=4,DASHBOARD!$M$1+4,"") -> 46225 | S4: =IF(DASHBOARD!$M$2-DASHBOARD!$M$1>=5,DASHBOARD!$M$1+5,"") -> 46226 | V4: =IF(DASHBOARD!$M$2-DASHBOARD!$M$1>=6,DASHBOARD!$M$1+6,"") -> 46227 | Y4: =IF(DASHBOARD!$M$2-DASHBOARD!$M$1>=7,DASHBOARD!$M$1+7,"") -> 46228 | AB4: =IF(DASHBOARD!$M$2-DASHBOARD!$M$1>=8,DASHBOARD!$M$1+8,"") -> 46229 | AE4: =IF(DASHBOARD!$M$2-DASHBOARD!$M$1>=9,DASHBOARD!$M$1+9,"") -> 46230 | AH4: =IF(DASHBOARD!$M$2-DASHBOARD!$M$1>=10,DASHBOARD!$M$1+10,"") -> 46231 | AK4: =IF(DASHBOARD!$M$2-DASHBOARD!$M$1>=11,DASHBOARD!$M$1+11,"") -> 46232 | AN4: =IF(DASHBOARD!$M$2-DASHBOARD!$M$1>=12,DASHBOARD!$M$1+12,"") -> 46233 | AQ4: =IF(DASHBOARD!$M$2-DASHBOARD!$M$1>=13,DASHBOARD!$M$1+13,"") -> 46234 | AT4: =IF(DASHBOARD!$M$2-DASHBOARD!$M$1>=14,DASHBOARD!$M$1+14,"") -> 46235 | AW4: =IF(DASHBOARD!$M$2-DASHBOARD!$M$1>=15,DASHBOARD!$M$1+15,"") -> 46236 | AZ4: =IF(DASHBOARD!$M$2-DASHBOARD!$M$1>=16,DASHBOARD!$M$1+16,"") -> 46237 | BC4: =IF(DASHBOARD!$M$2-DASHBOARD!$M$1>=17,DASHBOARD!$M$1+17,"") -> 46238 | BF4: =IF(DASHBOARD!$M$2-DASHBOARD!$M$1>=18,DASHBOARD!$M$1+18,"") -> 46239 | BI4: =IF(DASHBOARD!$M$2-DASHBOARD!$M$1>=19,DASHBOARD!$M$1+19,"") -> 46240 | BL4: =IF(DASHBOARD!$M$2-DASHBOARD!$M$1>=20,DASHBOARD!$M$1+20,"") -> 46241 | BO4: =IF(DASHBOARD!$M$2-DASHBOARD!$M$1>=21,DASHBOARD!$M$1+21,"") -> 46242 | BR4: =IF(DASHBOARD!$M$2-DASHBOARD!$M$1>=22,DASHBOARD!$M$1+22,"") -> 46243 | BU4: =IF(DASHBOARD!$M$2-DASHBOARD!$M$1>=23,DASHBOARD!$M$1+23,"") -> 46244 | BX4: =IF(DASHBOARD!$M$2-DASHBOARD!$M$1>=24,DASHBOARD!$M$1+24,"") -> 46245 | CA4: =IF(DASHBOARD!$M$2-DASHBOARD!$M$1>=25,DASHBOARD!$M$1+25,"") -> 46246 | CD4: =IF(DASHBOARD!$M$2-DASHBOARD!$M$1>=26,DASHBOARD!$M$1+26,"") -> 46247 | CG4: =IF(DASHBOARD!$M$2-DASHBOARD!$M$1>=27,DASHBOARD!$M$1+27,"") -> 46248 | CJ4: =IF(DASHBOARD!$M$2-DASHBOARD!$M$1>=28,DASHBOARD!$M$1+28,"") -> 46249 | CM4: =IF(DASHBOARD!$M$2-DASHBOARD!$M$1>=29,DASHBOARD!$M$1+29,"") -> 46250 | CP4: =IF(DASHBOARD!$M$2-DASHBOARD!$M$1>=30,DASHBOARD!$M$1+30,"") -> 46251 | CS4: =IF(DASHBOARD!$M$2-DASHBOARD!$M$1>=31,DASHBOARD!$M$1+31,"") -> 46252 | CV4: =IF(DASHBOARD!$M$2-DASHBOARD!$M$1>=32,DASHBOARD!$M$1+32,"") -> 46253 | CY4: =IF(DASHBOARD!$M$2-DASHBOARD!$M$1>=33,DASHBOARD!$M$1+33,"") -> 46254 | DB4: =IF(DASHBOARD!$M$2-DASHBOARD!$M$1>=34,DASHBOARD!$M$1+34,"") -> 46255 | DE4: =IF(DASHBOARD!$M$2-DASHBOARD!$M$1>=35,DASHBOARD!$M$1+35,"") -> 46256 | DH4: =IF(DASHBOARD!$M$2-DASHBOARD!$M$1>=36,DASHBOARD!$M$1+36,"") -> 46257 | DK4: =IF(DASHBOARD!$M$2-DASHBOARD!$M$1>=37,DASHBOARD!$M$1+37,"") -> 46258 | DN4: =IF(DASHBOARD!$M$2-DASHBOARD!$M$1>=38,DASHBOARD!$M$1+38,"") | DQ4: =IF(DASHBOARD!$M$2-DASHBOARD!$M$1>=39,DASHBOARD!$M$1+39,"") | DT4: =IF(DASHBOARD!$M$2-DASHBOARD!$M$1>=40,DASHBOARD!$M$1+40,"") | DW4: =IF(DASHBOARD!$M$2-DASHBOARD!$M$1>=41,DASHBOARD!$M$1+41,"") | DZ4: =IF(DASHBOARD!$M$2-DASHBOARD!$M$1>=42,DASHBOARD!$M$1+42,"") | EC4: =IF(DASHBOARD!$M$2-DASHBOARD!$M$1>=43,DASHBOARD!$M$1+43,"") | EF4: =IF(DASHBOARD!$M$2-DASHBOARD!$M$1>=44,DASHBOARD!$M$1+44,"") | EI4: =IF(DASHBOARD!$M$2-DASHBOARD!$M$1>=45,DASHBOARD!$M$1+45,"") | EL4: =IF(DASHBOARD!$M$2-DASHBOARD!$M$1>=46,DASHBOARD!$M$1+46,"") | EO4: =IF(DASHBOARD!$M$2-DASHBOARD!$M$1>=47,DASHBOARD!$M$1+47,"") | ER4: =IF(DASHBOARD!$M$2-DASHBOARD!$M$1>=48,DASHBOARD!$M$1+48,"") | EU4: =IF(DASHBOARD!$M$2-DASHBOARD!$M$1>=49,DASHBOARD!$M$1+49,"")
D5: =IF(DASHBOARD!$M$2-DASHBOARD!$M$1>=0,"D","") -> D | E5: =IF(DASHBOARD!$M$2-DASHBOARD!$M$1>=0,"T","") -> T | F5: =IF(DASHBOARD!$M$2-DASHBOARD!$M$1>=0,"G","") -> G | G5: =IF(DASHBOARD!$M$2-DASHBOARD!$M$1>=1,"D","") -> D | H5: =IF(DASHBOARD!$M$2-DASHBOARD!$M$1>=1,"T","") -> T | I5: =IF(DASHBOARD!$M$2-DASHBOARD!$M$1>=1,"G","") -> G | J5: =IF(DASHBOARD!$M$2-DASHBOARD!$M$1>=2,"D","") -> D | K5: =IF(DASHBOARD!$M$2-DASHBOARD!$M$1>=2,"T","") -> T | L5: =IF(DASHBOARD!$M$2-DASHBOARD!$M$1>=2,"G","") -> G | M5: =IF(DASHBOARD!$M$2-DASHBOARD!$M$1>=3,"D","") -> D | N5: =IF(DASHBOARD!$M$2-DASHBOARD!$M$1>=3,"T","") -> T | O5: =IF(DASHBOARD!$M$2-DASHBOARD!$M$1>=3,"G","") -> G | P5: =IF(DASHBOARD!$M$2-DASHBOARD!$M$1>=4,"D","") -> D | Q5: =IF(DASHBOARD!$M$2-DASHBOARD!$M$1>=4,"T","") -> T | R5: =IF(DASHBOARD!$M$2-DASHBOARD!$M$1>=4,"G","") -> G | S5: =IF(DASHBOARD!$M$2-DASHBOARD!$M$1>=5,"D","") -> D | T5: =IF(DASHBOARD!$M$2-DASHBOARD!$M$1>=5,"T","") -> T | U5: =IF(DASHBOARD!$M$2-DASHBOARD!$M$1>=5,"G","") -> G | V5: =IF(DASHBOARD!$M$2-DASHBOARD!$M$1>=6,"D","") -> D | W5: =IF(DASHBOARD!$M$2-DASHBOARD!$M$1>=6,"T","") -> T | X5: =IF(DASHBOARD!$M$2-DASHBOARD!$M$1>=6,"G","") -> G | Y5: =IF(DASHBOARD!$M$2-DASHBOARD!$M$1>=7,"D","") -> D | Z5: =IF(DASHBOARD!$M$2-DASHBOARD!$M$1>=7,"T","") -> T | AA5: =IF(DASHBOARD!$M$2-DASHBOARD!$M$1>=7,"G","") -> G | AB5: =IF(DASHBOARD!$M$2-DASHBOARD!$M$1>=8,"D","") -> D | AC5: =IF(DASHBOARD!$M$2-DASHBOARD!$M$1>=8,"T","") -> T | AD5: =IF(DASHBOARD!$M$2-DASHBOARD!$M$1>=8,"G","") -> G | AE5: =IF(DASHBOARD!$M$2-DASHBOARD!$M$1>=9,"D","") -> D | AF5: =IF(DASHBOARD!$M$2-DASHBOARD!$M$1>=9,"T","") -> T | AG5: =IF(DASHBOARD!$M$2-DASHBOARD!$M$1>=9,"G","") -> G | AH5: =IF(DASHBOARD!$M$2-DASHBOARD!$M$1>=10,"D","") -> D | AI5: =IF(DASHBOARD!$M$2-DASHBOARD!$M$1>=10,"T","") -> T | AJ5: =IF(DASHBOARD!$M$2-DASHBOARD!$M$1>=10,"G","") -> G | AK5: =IF(DASHBOARD!$M$2-DASHBOARD!$M$1>=11,"D","") -> D | AL5: =IF(DASHBOARD!$M$2-DASHBOARD!$M$1>=11,"T","") -> T | AM5: =IF(DASHBOARD!$M$2-DASHBOARD!$M$1>=11,"G","") -> G | AN5: =IF(DASHBOARD!$M$2-DASHBOARD!$M$1>=12,"D","") -> D | AO5: =IF(DASHBOARD!$M$2-DASHBOARD!$M$1>=12,"T","") -> T | AP5: =IF(DASHBOARD!$M$2-DASHBOARD!$M$1>=12,"G","") -> G | AQ5: =IF(DASHBOARD!$M$2-DASHBOARD!$M$1>=13,"D","") -> D | AR5: =IF(DASHBOARD!$M$2-DASHBOARD!$M$1>=13,"T","") -> T | AS5: =IF(DASHBOARD!$M$2-DASHBOARD!$M$1>=13,"G","") -> G | AT5: =IF(DASHBOARD!$M$2-DASHBOARD!$M$1>=14,"D","") -> D | AU5: =IF(DASHBOARD!$M$2-DASHBOARD!$M$1>=14,"T","") -> T | AV5: =IF(DASHBOARD!$M$2-DASHBOARD!$M$1>=14,"G","") -> G | AW5: =IF(DASHBOARD!$M$2-DASHBOARD!$M$1>=15,"D","") -> D | AX5: =IF(DASHBOARD!$M$2-DASHBOARD!$M$1>=15,"T","") -> T | AY5: =IF(DASHBOARD!$M$2-DASHBOARD!$M$1>=15,"G","") -> G | AZ5: =IF(DASHBOARD!$M$2-DASHBOARD!$M$1>=16,"D","") -> D | BA5: =IF(DASHBOARD!$M$2-DASHBOARD!$M$1>=16,"T","") -> T | BB5: =IF(DASHBOARD!$M$2-DASHBOARD!$M$1>=16,"G","") -> G | BC5: =IF(DASHBOARD!$M$2-DASHBOARD!$M$1>=17,"D","") -> D | BD5: =IF(DASHBOARD!$M$2-DASHBOARD!$M$1>=17,"T","") -> T | BE5: =IF(DASHBOARD!$M$2-DASHBOARD!$M$1>=17,"G","") -> G | BF5: =IF(DASHBOARD!$M$2-DASHBOARD!$M$1>=18,"D","") -> D | BG5: =IF(DASHBOARD!$M$2-DASHBOARD!$M$1>=18,"T","") -> T | BH5: =IF(DASHBOARD!$M$2-DASHBOARD!$M$1>=18,"G","") -> G | BI5: =IF(DASHBOARD!$M$2-DASHBOARD!$M$1>=19,"D","") -> D | BJ5: =IF(DASHBOARD!$M$2-DASHBOARD!$M$1>=19,"T","") -> T | BK5: =IF(DASHBOARD!$M$2-DASHBOARD!$M$1>=19,"G","") -> G | BL5: =IF(DASHBOARD!$M$2-DASHBOARD!$M$1>=20,"D","") -> D | BM5: =IF(DASHBOARD!$M$2-DASHBOARD!$M$1>=20,"T","") -> T | BN5: =IF(DASHBOARD!$M$2-DASHBOARD!$M$1>=20,"G","") -> G | BO5: =IF(DASHBOARD!$M$2-DASHBOARD!$M$1>=21,"D","") -> D | BP5: =IF(DASHBOARD!$M$2-DASHBOARD!$M$1>=21,"T","") -> T | BQ5: =IF(DASHBOARD!$M$2-DASHBOARD!$M$1>=21,"G","") -> G | BR5: =IF(DASHBOARD!$M$2-DASHBOARD!$M$1>=22,"D","") -> D | BS5: =IF(DASHBOARD!$M$2-DASHBOARD!$M$1>=22,"T","") -> T | BT5: =IF(DASHBOARD!$M$2-DASHBOARD!$M$1>=22,"G","") -> G | BU5: =IF(DASHBOARD!$M$2-DASHBOARD!$M$1>=23,"D","") -> D | BV5: =IF(DASHBOARD!$M$2-DASHBOARD!$M$1>=23,"T","") -> T | BW5: =IF(DASHBOARD!$M$2-DASHBOARD!$M$1>=23,"G","") -> G | BX5: =IF(DASHBOARD!$M$2-DASHBOARD!$M$1>=24,"D","") -> D | BY5: =IF(DASHBOARD!$M$2-DASHBOARD!$M$1>=24,"T","") -> T | BZ5: =IF(DASHBOARD!$M$2-DASHBOARD!$M$1>=24,"G","") -> G | CA5: =IF(DASHBOARD!$M$2-DASHBOARD!$M$1>=25,"D","") -> D | CB5: =IF(DASHBOARD!$M$2-DASHBOARD!$M$1>=25,"T","") -> T | CC5: =IF(DASHBOARD!$M$2-DASHBOARD!$M$1>=25,"G","") -> G | CD5: =IF(DASHBOARD!$M$2-DASHBOARD!$M$1>=26,"D","") -> D | CE5: =IF(DASHBOARD!$M$2-DASHBOARD!$M$1>=26,"T","") -> T | CF5: =IF(DASHBOARD!$M$2-DASHBOARD!$M$1>=26,"G","") -> G | CG5: =IF(DASHBOARD!$M$2-DASHBOARD!$M$1>=27,"D","") -> D | CH5: =IF(DASHBOARD!$M$2-DASHBOARD!$M$1>=27,"T","") -> T | CI5: =IF(DASHBOARD!$M$2-DASHBOARD!$M$1>=27,"G","") -> G | CJ5: =IF(DASHBOARD!$M$2-DASHBOARD!$M$1>=28,"D","") -> D | CK5: =IF(DASHBOARD!$M$2-DASHBOARD!$M$1>=28,"T","") -> T | CL5: =IF(DASHBOARD!$M$2-DASHBOARD!$M$1>=28,"G","") -> G | CM5: =IF(DASHBOARD!$M$2-DASHBOARD!$M$1>=29,"D","") -> D | CN5: =IF(DASHBOARD!$M$2-DASHBOARD!$M$1>=29,"T","") -> T | CO5: =IF(DASHBOARD!$M$2-DASHBOARD!$M$1>=29,"G","") -> G | CP5: =IF(DASHBOARD!$M$2-DASHBOARD!$M$1>=30,"D","") -> D | CQ5: =IF(DASHBOARD!$M$2-DASHBOARD!$M$1>=30,"T","") -> T | CR5: =IF(DASHBOARD!$M$2-DASHBOARD!$M$1>=30,"G","") -> G | CS5: =IF(DASHBOARD!$M$2-DASHBOARD!$M$1>=31,"D","") -> D | CT5: =IF(DASHBOARD!$M$2-DASHBOARD!$M$1>=31,"T","") -> T | CU5: =IF(DASHBOARD!$M$2-DASHBOARD!$M$1>=31,"G","") -> G | CV5: =IF(DASHBOARD!$M$2-DASHBOARD!$M$1>=32,"D","") -> D | CW5: =IF(DASHBOARD!$M$2-DASHBOARD!$M$1>=32,"T","") -> T | CX5: =IF(DASHBOARD!$M$2-DASHBOARD!$M$1>=32,"G","") -> G | CY5: =IF(DASHBOARD!$M$2-DASHBOARD!$M$1>=33,"D","") -> D | CZ5: =IF(DASHBOARD!$M$2-DASHBOARD!$M$1>=33,"T","") -> T | DA5: =IF(DASHBOARD!$M$2-DASHBOARD!$M$1>=33,"G","") -> G | DB5: =IF(DASHBOARD!$M$2-DASHBOARD!$M$1>=34,"D","") -> D | DC5: =IF(DASHBOARD!$M$2-DASHBOARD!$M$1>=34,"T","") -> T | DD5: =IF(DASHBOARD!$M$2-DASHBOARD!$M$1>=34,"G","") -> G | DE5: =IF(DASHBOARD!$M$2-DASHBOARD!$M$1>=35,"D","") -> D | DF5: =IF(DASHBOARD!$M$2-DASHBOARD!$M$1>=35,"T","") -> T | DG5: =IF(DASHBOARD!$M$2-DASHBOARD!$M$1>=35,"G","") -> G | DH5: =IF(DASHBOARD!$M$2-DASHBOARD!$M$1>=36,"D","") -> D | DI5: =IF(DASHBOARD!$M$2-DASHBOARD!$M$1>=36,"T","") -> T | DJ5: =IF(DASHBOARD!$M$2-DASHBOARD!$M$1>=36,"G","") -> G | DK5: =IF(DASHBOARD!$M$2-DASHBOARD!$M$1>=37,"D","") -> D | DL5: =IF(DASHBOARD!$M$2-DASHBOARD!$M$1>=37,"T","") -> T | DM5: =IF(DASHBOARD!$M$2-DASHBOARD!$M$1>=37,"G","") -> G | DN5: =IF(DASHBOARD!$M$2-DASHBOARD!$M$1>=38,"D","") | DO5: =IF(DASHBOARD!$M$2-DASHBOARD!$M$1>=38,"T","") | DP5: =IF(DASHBOARD!$M$2-DASHBOARD!$M$1>=38,"G","") | DQ5: =IF(DASHBOARD!$M$2-DASHBOARD!$M$1>=39,"D","") | DR5: =IF(DASHBOARD!$M$2-DASHBOARD!$M$1>=39,"T","") | DS5: =IF(DASHBOARD!$M$2-DASHBOARD!$M$1>=39,"G","") | DT5: =IF(DASHBOARD!$M$2-DASHBOARD!$M$1>=40,"D","") | DU5: =IF(DASHBOARD!$M$2-DASHBOARD!$M$1>=40,"T","") | DV5: =IF(DASHBOARD!$M$2-DASHBOARD!$M$1>=40,"G","") | DW5: =IF(DASHBOARD!$M$2-DASHBOARD!$M$1>=41,"D","") | DX5: =IF(DASHBOARD!$M$2-DASHBOARD!$M$1>=41,"T","") | DY5: =IF(DASHBOARD!$M$2-DASHBOARD!$M$1>=41,"G","") | DZ5: =IF(DASHBOARD!$M$2-DASHBOARD!$M$1>=42,"D","") | EA5: =IF(DASHBOARD!$M$2-DASHBOARD!$M$1>=42,"T","") | EB5: =IF(DASHBOARD!$M$2-DASHBOARD!$M$1>=42,"G","") | EC5: =IF(DASHBOARD!$M$2-DASHBOARD!$M$1>=43,"D","") | ED5: =IF(DASHBOARD!$M$2-DASHBOARD!$M$1>=43,"T","") | EE5: =IF(DASHBOARD!$M$2-DASHBOARD!$M$1>=43,"G","") | EF5: =IF(DASHBOARD!$M$2-DASHBOARD!$M$1>=44,"D","") | EG5: =IF(DASHBOARD!$M$2-DASHBOARD!$M$1>=44,"T","") | EH5: =IF(DASHBOARD!$M$2-DASHBOARD!$M$1>=44,"G","") | EI5: =IF(DASHBOARD!$M$2-DASHBOARD!$M$1>=45,"D","") | EJ5: =IF(DASHBOARD!$M$2-DASHBOARD!$M$1>=45,"T","") | EK5: =IF(DASHBOARD!$M$2-DASHBOARD!$M$1>=45,"G","") | EL5: =IF(DASHBOARD!$M$2-DASHBOARD!$M$1>=46,"D","") | EM5: =IF(DASHBOARD!$M$2-DASHBOARD!$M$1>=46,"T","") | EN5: =IF(DASHBOARD!$M$2-DASHBOARD!$M$1>=46,"G","") | EO5: =IF(DASHBOARD!$M$2-DASHBOARD!$M$1>=47,"D","") | EP5: =IF(DASHBOARD!$M$2-DASHBOARD!$M$1>=47,"T","") | EQ5: =IF(DASHBOARD!$M$2-DASHBOARD!$M$1>=47,"G","") | ER5: =IF(DASHBOARD!$M$2-DASHBOARD!$M$1>=48,"D","") | ES5: =IF(DASHBOARD!$M$2-DASHBOARD!$M$1>=48,"T","") | ET5: =IF(DASHBOARD!$M$2-DASHBOARD!$M$1>=48,"G","") | EU5: =IF(DASHBOARD!$M$2-DASHBOARD!$M$1>=49,"D","") | EV5: =IF(DASHBOARD!$M$2-DASHBOARD!$M$1>=49,"T","") | EW5: =IF(DASHBOARD!$M$2-DASHBOARD!$M$1>=49,"G","")
A6: PHASE 1 (Pre Hangar)
A7: Aircraft Arrival | B7: 46221.958
A8: Heavy Wash | B8: 46222.25
A9: Both ENG Preservation | B9: 46221.583
A10: Pre HGR | B10: 46222.583 | C10: 46224 | M10: 21-Jul
A11: Pre Insp | B11: 46222.583 | C11: 46224 | M11: 21-Jul
A12: Defuel | B12: 46225 | P12: 22-Jul
A13: PHASE 2 (Inspection)
A14: Nose Jacking – Prox Sensor Check | B14: 46239 | BF14: 46239
A15: Open-Up | B15: 46224 | C15: 46229 | AB15: 26-Jul
A16: Joint Cards Insp | B16: 46224 | C16: 46237 | AZ16: 3-Aug
A17: Jacking – Free Fall Func Chk & NLG | B17: 46239 | C17: 46239 | BF17: 5-Aug
A18: Power Off | B18: 46229 | C18: 46236 | AW18: 2-Aug
A19: FINDING CUT-OFF | B19: 46238 | D19: =IF((DASHBOARD!$M$1+INT((COLUMN()-4)/3))=INT($B$19),"◆ "&TEXT($B$19,"D-MMM"),"") | G19: =IF((DASHBOARD!$M$1+INT((COLUMN()-4)/3))=INT($B$19),"◆ "&TEXT($B$19,"D-MMM"),"") | J19: =IF((DASHBOARD!$M$1+INT((COLUMN()-4)/3))=INT($B$19),"◆ "&TEXT($B$19,"D-MMM"),"") | M19: =IF((DASHBOARD!$M$1+INT((COLUMN()-4)/3))=INT($B$19),"◆ "&TEXT($B$19,"D-MMM"),"") | P19: =IF((DASHBOARD!$M$1+INT((COLUMN()-4)/3))=INT($B$19),"◆ "&TEXT($B$19,"D-MMM"),"") | S19: =IF((DASHBOARD!$M$1+INT((COLUMN()-4)/3))=INT($B$19),"◆ "&TEXT($B$19,"D-MMM"),"") | V19: =IF((DASHBOARD!$M$1+INT((COLUMN()-4)/3))=INT($B$19),"◆ "&TEXT($B$19,"D-MMM"),"") | Y19: =IF((DASHBOARD!$M$1+INT((COLUMN()-4)/3))=INT($B$19),"◆ "&TEXT($B$19,"D-MMM"),"") | AB19: =IF((DASHBOARD!$M$1+INT((COLUMN()-4)/3))=INT($B$19),"◆ "&TEXT($B$19,"D-MMM"),"") | AE19: =IF((DASHBOARD!$M$1+INT((COLUMN()-4)/3))=INT($B$19),"◆ "&TEXT($B$19,"D-MMM"),"") | AH19: =IF((DASHBOARD!$M$1+INT((COLUMN()-4)/3))=INT($B$19),"◆ "&TEXT($B$19,"D-MMM"),"") | AK19: =IF((DASHBOARD!$M$1+INT((COLUMN()-4)/3))=INT($B$19),"◆ "&TEXT($B$19,"D-MMM"),"") | AN19: =IF((DASHBOARD!$M$1+INT((COLUMN()-4)/3))=INT($B$19),"◆ "&TEXT($B$19,"D-MMM"),"") | AQ19: =IF((DASHBOARD!$M$1+INT((COLUMN()-4)/3))=INT($B$19),"◆ "&TEXT($B$19,"D-MMM"),"") | AT19: =IF((DASHBOARD!$M$1+INT((COLUMN()-4)/3))=INT($B$19),"◆ "&TEXT($B$19,"D-MMM"),"") | AW19: =IF((DASHBOARD!$M$1+INT((COLUMN()-4)/3))=INT($B$19),"◆ "&TEXT($B$19,"D-MMM"),"") | AZ19: =IF((DASHBOARD!$M$1+INT((COLUMN()-4)/3))=INT($B$19),"◆ "&TEXT($B$19,"D-MMM"),"") | BC19: =IF((DASHBOARD!$M$1+INT((COLUMN()-4)/3))=INT($B$19),"◆ "&TEXT($B$19,"D-MMM"),"") -> ◆ 4-Aug | BF19: =IF((DASHBOARD!$M$1+INT((COLUMN()-4)/3))=INT($B$19),"◆ "&TEXT($B$19,"D-MMM"),"") | BI19: =IF((DASHBOARD!$M$1+INT((COLUMN()-4)/3))=INT($B$19),"◆ "&TEXT($B$19,"D-MMM"),"") | BL19: =IF((DASHBOARD!$M$1+INT((COLUMN()-4)/3))=INT($B$19),"◆ "&TEXT($B$19,"D-MMM"),"") | BO19: =IF((DASHBOARD!$M$1+INT((COLUMN()-4)/3))=INT($B$19),"◆ "&TEXT($B$19,"D-MMM"),"") | BR19: =IF((DASHBOARD!$M$1+INT((COLUMN()-4)/3))=INT($B$19),"◆ "&TEXT($B$19,"D-MMM"),"") | BU19: =IF((DASHBOARD!$M$1+INT((COLUMN()-4)/3))=INT($B$19),"◆ "&TEXT($B$19,"D-MMM"),"") | BX19: =IF((DASHBOARD!$M$1+INT((COLUMN()-4)/3))=INT($B$19),"◆ "&TEXT($B$19,"D-MMM"),"") | CA19: =IF((DASHBOARD!$M$1+INT((COLUMN()-4)/3))=INT($B$19),"◆ "&TEXT($B$19,"D-MMM"),"") | CD19: =IF((DASHBOARD!$M$1+INT((COLUMN()-4)/3))=INT($B$19),"◆ "&TEXT($B$19,"D-MMM"),"") | CG19: =IF((DASHBOARD!$M$1+INT((COLUMN()-4)/3))=INT($B$19),"◆ "&TEXT($B$19,"D-MMM"),"") | CJ19: =IF((DASHBOARD!$M$1+INT((COLUMN()-4)/3))=INT($B$19),"◆ "&TEXT($B$19,"D-MMM"),"") | CM19: =IF((DASHBOARD!$M$1+INT((COLUMN()-4)/3))=INT($B$19),"◆ "&TEXT($B$19,"D-MMM"),"") | CP19: =IF((DASHBOARD!$M$1+INT((COLUMN()-4)/3))=INT($B$19),"◆ "&TEXT($B$19,"D-MMM"),"") | CS19: =IF((DASHBOARD!$M$1+INT((COLUMN()-4)/3))=INT($B$19),"◆ "&TEXT($B$19,"D-MMM"),"") | CV19: =IF((DASHBOARD!$M$1+INT((COLUMN()-4)/3))=INT($B$19),"◆ "&TEXT($B$19,"D-MMM"),"") | CY19: =IF((DASHBOARD!$M$1+INT((COLUMN()-4)/3))=INT($B$19),"◆ "&TEXT($B$19,"D-MMM"),"") | DB19: =IF((DASHBOARD!$M$1+INT((COLUMN()-4)/3))=INT($B$19),"◆ "&TEXT($B$19,"D-MMM"),"") | DE19: =IF((DASHBOARD!$M$1+INT((COLUMN()-4)/3))=INT($B$19),"◆ "&TEXT($B$19,"D-MMM"),"") | DH19: =IF((DASHBOARD!$M$1+INT((COLUMN()-4)/3))=INT($B$19),"◆ "&TEXT($B$19,"D-MMM"),"") | DK19: =IF((DASHBOARD!$M$1+INT((COLUMN()-4)/3))=INT($B$19),"◆ "&TEXT($B$19,"D-MMM"),"") | DN19: =IF((DASHBOARD!$M$1+INT((COLUMN()-4)/3))=INT($B$19),"◆ "&TEXT($B$19,"D-MMM"),"") | DQ19: =IF((DASHBOARD!$M$1+INT((COLUMN()-4)/3))=INT($B$19),"◆ "&TEXT($B$19,"D-MMM"),"") | DT19: =IF((DASHBOARD!$M$1+INT((COLUMN()-4)/3))=INT($B$19),"◆ "&TEXT($B$19,"D-MMM"),"") | DW19: =IF((DASHBOARD!$M$1+INT((COLUMN()-4)/3))=INT($B$19),"◆ "&TEXT($B$19,"D-MMM"),"") | DZ19: =IF((DASHBOARD!$M$1+INT((COLUMN()-4)/3))=INT($B$19),"◆ "&TEXT($B$19,"D-MMM"),"") | EC19: =IF((DASHBOARD!$M$1+INT((COLUMN()-4)/3))=INT($B$19),"◆ "&TEXT($B$19,"D-MMM"),"") | EF19: =IF((DASHBOARD!$M$1+INT((COLUMN()-4)/3))=INT($B$19),"◆ "&TEXT($B$19,"D-MMM"),"") | EI19: =IF((DASHBOARD!$M$1+INT((COLUMN()-4)/3))=INT($B$19),"◆ "&TEXT($B$19,"D-MMM"),"") | EL19: =IF((DASHBOARD!$M$1+INT((COLUMN()-4)/3))=INT($B$19),"◆ "&TEXT($B$19,"D-MMM"),"") | EO19: =IF((DASHBOARD!$M$1+INT((COLUMN()-4)/3))=INT($B$19),"◆ "&TEXT($B$19,"D-MMM"),"") | ER19: =IF((DASHBOARD!$M$1+INT((COLUMN()-4)/3))=INT($B$19),"◆ "&TEXT($B$19,"D-MMM"),"") | EU19: =IF((DASHBOARD!$M$1+INT((COLUMN()-4)/3))=INT($B$19),"◆ "&TEXT($B$19,"D-MMM"),"")
A20: PHASE 3 (Modification & Rectification)
A21: Findings & Rectification | B21: 46221.958 | C21: 46253 | CV21: 19-Aug
A22: Engineering Orders Doc (EOD's / ER's) | B22: 46228 | C22: 46242 | BO22: 8-Aug
A23: FOMAX & Eclipse Connectivity Mods | B23: 46229 | C23: 46239 | BF23: 5-Aug
A25: MATERIALS ARRIVAL CUT-OFF | B25: 46244 | D25: =IF((DASHBOARD!$M$1+INT((COLUMN()-4)/3))=INT($B$25),"◆ "&TEXT($B$25,"D-MMM"),"") | G25: =IF((DASHBOARD!$M$1+INT((COLUMN()-4)/3))=INT($B$25),"◆ "&TEXT($B$25,"D-MMM"),"") | J25: =IF((DASHBOARD!$M$1+INT((COLUMN()-4)/3))=INT($B$25),"◆ "&TEXT($B$25,"D-MMM"),"") | M25: =IF((DASHBOARD!$M$1+INT((COLUMN()-4)/3))=INT($B$25),"◆ "&TEXT($B$25,"D-MMM"),"") | P25: =IF((DASHBOARD!$M$1+INT((COLUMN()-4)/3))=INT($B$25),"◆ "&TEXT($B$25,"D-MMM"),"") | S25: =IF((DASHBOARD!$M$1+INT((COLUMN()-4)/3))=INT($B$25),"◆ "&TEXT($B$25,"D-MMM"),"") | V25: =IF((DASHBOARD!$M$1+INT((COLUMN()-4)/3))=INT($B$25),"◆ "&TEXT($B$25,"D-MMM"),"") | Y25: =IF((DASHBOARD!$M$1+INT((COLUMN()-4)/3))=INT($B$25),"◆ "&TEXT($B$25,"D-MMM"),"") | AB25: =IF((DASHBOARD!$M$1+INT((COLUMN()-4)/3))=INT($B$25),"◆ "&TEXT($B$25,"D-MMM"),"") | AE25: =IF((DASHBOARD!$M$1+INT((COLUMN()-4)/3))=INT($B$25),"◆ "&TEXT($B$25,"D-MMM"),"") | AH25: =IF((DASHBOARD!$M$1+INT((COLUMN()-4)/3))=INT($B$25),"◆ "&TEXT($B$25,"D-MMM"),"") | AK25: =IF((DASHBOARD!$M$1+INT((COLUMN()-4)/3))=INT($B$25),"◆ "&TEXT($B$25,"D-MMM"),"") | AN25: =IF((DASHBOARD!$M$1+INT((COLUMN()-4)/3))=INT($B$25),"◆ "&TEXT($B$25,"D-MMM"),"") | AQ25: =IF((DASHBOARD!$M$1+INT((COLUMN()-4)/3))=INT($B$25),"◆ "&TEXT($B$25,"D-MMM"),"") | AT25: =IF((DASHBOARD!$M$1+INT((COLUMN()-4)/3))=INT($B$25),"◆ "&TEXT($B$25,"D-MMM"),"") | AW25: =IF((DASHBOARD!$M$1+INT((COLUMN()-4)/3))=INT($B$25),"◆ "&TEXT($B$25,"D-MMM"),"") | AZ25: =IF((DASHBOARD!$M$1+INT((COLUMN()-4)/3))=INT($B$25),"◆ "&TEXT($B$25,"D-MMM"),"") | BC25: =IF((DASHBOARD!$M$1+INT((COLUMN()-4)/3))=INT($B$25),"◆ "&TEXT($B$25,"D-MMM"),"") | BF25: =IF((DASHBOARD!$M$1+INT((COLUMN()-4)/3))=INT($B$25),"◆ "&TEXT($B$25,"D-MMM"),"") | BI25: =IF((DASHBOARD!$M$1+INT((COLUMN()-4)/3))=INT($B$25),"◆ "&TEXT($B$25,"D-MMM"),"") | BL25: =IF((DASHBOARD!$M$1+INT((COLUMN()-4)/3))=INT($B$25),"◆ "&TEXT($B$25,"D-MMM"),"") | BO25: =IF((DASHBOARD!$M$1+INT((COLUMN()-4)/3))=INT($B$25),"◆ "&TEXT($B$25,"D-MMM"),"") | BR25: =IF((DASHBOARD!$M$1+INT((COLUMN()-4)/3))=INT($B$25),"◆ "&TEXT($B$25,"D-MMM"),"") | BU25: =IF((DASHBOARD!$M$1+INT((COLUMN()-4)/3))=INT($B$25),"◆ "&TEXT($B$25,"D-MMM"),"") -> ◆ 10-Aug | BX25: =IF((DASHBOARD!$M$1+INT((COLUMN()-4)/3))=INT($B$25),"◆ "&TEXT($B$25,"D-MMM"),"") | CA25: =IF((DASHBOARD!$M$1+INT((COLUMN()-4)/3))=INT($B$25),"◆ "&TEXT($B$25,"D-MMM"),"") | CD25: =IF((DASHBOARD!$M$1+INT((COLUMN()-4)/3))=INT($B$25),"◆ "&TEXT($B$25,"D-MMM"),"") | CG25: =IF((DASHBOARD!$M$1+INT((COLUMN()-4)/3))=INT($B$25),"◆ "&TEXT($B$25,"D-MMM"),"") | CJ25: =IF((DASHBOARD!$M$1+INT((COLUMN()-4)/3))=INT($B$25),"◆ "&TEXT($B$25,"D-MMM"),"") | CM25: =IF((DASHBOARD!$M$1+INT((COLUMN()-4)/3))=INT($B$25),"◆ "&TEXT($B$25,"D-MMM"),"") | CP25: =IF((DASHBOARD!$M$1+INT((COLUMN()-4)/3))=INT($B$25),"◆ "&TEXT($B$25,"D-MMM"),"") | CS25: =IF((DASHBOARD!$M$1+INT((COLUMN()-4)/3))=INT($B$25),"◆ "&TEXT($B$25,"D-MMM"),"") | CV25: =IF((DASHBOARD!$M$1+INT((COLUMN()-4)/3))=INT($B$25),"◆ "&TEXT($B$25,"D-MMM"),"") | CY25: =IF((DASHBOARD!$M$1+INT((COLUMN()-4)/3))=INT($B$25),"◆ "&TEXT($B$25,"D-MMM"),"") | DB25: =IF((DASHBOARD!$M$1+INT((COLUMN()-4)/3))=INT($B$25),"◆ "&TEXT($B$25,"D-MMM"),"") | DE25: =IF((DASHBOARD!$M$1+INT((COLUMN()-4)/3))=INT($B$25),"◆ "&TEXT($B$25,"D-MMM"),"") | DH25: =IF((DASHBOARD!$M$1+INT((COLUMN()-4)/3))=INT($B$25),"◆ "&TEXT($B$25,"D-MMM"),"") | DK25: =IF((DASHBOARD!$M$1+INT((COLUMN()-4)/3))=INT($B$25),"◆ "&TEXT($B$25,"D-MMM"),"") | DN25: =IF((DASHBOARD!$M$1+INT((COLUMN()-4)/3))=INT($B$25),"◆ "&TEXT($B$25,"D-MMM"),"") | DQ25: =IF((DASHBOARD!$M$1+INT((COLUMN()-4)/3))=INT($B$25),"◆ "&TEXT($B$25,"D-MMM"),"") | DT25: =IF((DASHBOARD!$M$1+INT((COLUMN()-4)/3))=INT($B$25),"◆ "&TEXT($B$25,"D-MMM"),"") | DW25: =IF((DASHBOARD!$M$1+INT((COLUMN()-4)/3))=INT($B$25),"◆ "&TEXT($B$25,"D-MMM"),"") | DZ25: =IF((DASHBOARD!$M$1+INT((COLUMN()-4)/3))=INT($B$25),"◆ "&TEXT($B$25,"D-MMM"),"") | EC25: =IF((DASHBOARD!$M$1+INT((COLUMN()-4)/3))=INT($B$25),"◆ "&TEXT($B$25,"D-MMM"),"") | EF25: =IF((DASHBOARD!$M$1+INT((COLUMN()-4)/3))=INT($B$25),"◆ "&TEXT($B$25,"D-MMM"),"") | EI25: =IF((DASHBOARD!$M$1+INT((COLUMN()-4)/3))=INT($B$25),"◆ "&TEXT($B$25,"D-MMM"),"") | EL25: =IF((DASHBOARD!$M$1+INT((COLUMN()-4)/3))=INT($B$25),"◆ "&TEXT($B$25,"D-MMM"),"") | EO25: =IF((DASHBOARD!$M$1+INT((COLUMN()-4)/3))=INT($B$25),"◆ "&TEXT($B$25,"D-MMM"),"") | ER25: =IF((DASHBOARD!$M$1+INT((COLUMN()-4)/3))=INT($B$25),"◆ "&TEXT($B$25,"D-MMM"),"") | EU25: =IF((DASHBOARD!$M$1+INT((COLUMN()-4)/3))=INT($B$25),"◆ "&TEXT($B$25,"D-MMM"),"")
A26: PHASE 4 (Close Up & Final Inspection)
A27: Cabin Restoration
A28: Areas Close Up | B28: 46248 | C28: 46253 | CV28: 19-Aug
A29: Cabin, Cargos & Cockpit
A30: Fuselage, Empennage & Wings
A31: Engines
A32: OPS & Func Check (Power On) | B32: 46251 | C32: 46253 | CV32: 19-Aug
A33: W&B | B33: 46254 | CY33: 20-Aug
A34: Refuel & Leak Checks | B34: 46255 | DB34: 21-Aug
A35: Engine Run | B35: 46256 | DE35: 22-Aug
A36: PHASE 5 (Release)
A37: Final Product Quality Inspection (FPQI) | B37: 46257 | C37: 46258 | DK37: 24-Aug
A38: Aircraft Release | B38: 46258 | DK38: 24-Aug
A40: MILESTONES — auto from the schedule above
A41: FINDINGS CUTOFF | B41: =IF($B$19="","",$B$19) -> 46238 | D41: =IF(AND(ISNUMBER($B41),$B41>=TODAY()),$B41,9^9) -> 387420489
A42: FOMAX START | B42: =IF($B$23="","",$B$23) -> 46229 | D42: =IF(AND(ISNUMBER($B42),$B42>=TODAY()),$B42,9^9) -> 387420489
A43: FOMAX END | B43: =IF($C$23="","",$C$23) -> 46239 | D43: =IF(AND(ISNUMBER($B43),$B43>=TODAY()),$B43,9^9) -> 387420489
A44: POWER OFF | B44: =IF($B$18="","",$B$18) -> 46229 | D44: =IF(AND(ISNUMBER($B44),$B44>=TODAY()),$B44,9^9) -> 387420489
A45: POWER ON | B45: =IF($C$18="","",$C$18) -> 46236 | D45: =IF(AND(ISNUMBER($B45),$B45>=TODAY()),$B45,9^9) -> 387420489
A46: CABIN CLOSE-UP | B46: =IF($C$28="","",$C$28) -> 46253 | D46: =IF(AND(ISNUMBER($B46),$B46>=TODAY()),$B46,9^9) -> 387420489
A47: FINAL INSPECTION | B47: =IF($B$37="","",$B$37) -> 46257 | D47: =IF(AND(ISNUMBER($B47),$B47>=TODAY()),$B47,9^9) -> 387420489
A48: DE-HANGAR | B48: =IF($B$38="","",$B$38) -> 46258 | D48: =IF(AND(ISNUMBER($B48),$B48>=TODAY()),$B48,9^9) -> 387420489

Sheet Findings Draft
A1: 📋 FINDINGS DRAFT — Pre-AMOS
A2: Findings sourced from ACFT Finding Report App · Review & assign P/N before raising on AMOS
A3: # | B3: By | C3: Category | D3: Sub-Category | E3: Finding Description | F3: Remarks | G3: Photo URL | H3: AMOS Status | I3: WO No. | J3: P/N Required | K3: Qty
A4: =IF(COUNTA(B4:G4)>0,ROW()-3,"") -> 1 | B4: 30001575 | C4: FLIGHT DECK | D4: STOWAGE | E4: STOWAGE COMP DIRTY | G4: https://i.ibb.co/V0S6MWKf/2c0f499aba84.jpg | https://i.ibb.co/DHR2Xff9/e954f2fa6628.jpg | https://i.ibb.co/ymNVHCr5/82edb4a173a1.jpg | https://i.ibb.co/mC61CMhY/2c192cc49cbd.jpg | H4: Not Raised
A5: =IF(COUNTA(B5:G5)>0,ROW()-3,"") -> 2 | B5: 30001575 | C5: FLIGHT DECK | D5: DECALS | E5: DECAL DAMAGES | G5: https://i.ibb.co/7JSQz40y/121e4cb35567.jpg | https://i.ibb.co/pStxDjx/5a7078625ab8.jpg | https://i.ibb.co/4ZNPYDdT/bc71fabd91d4.jpg | https://i.ibb.co/7N0t9b8b/c83b27d90ddf.jpg | https://i.ibb.co/FLWyVfps/b7ea655f3e1d.jpg | H5: Not Raised
A6: =IF(COUNTA(B6:G6)>0,ROW()-3,"") -> 3 | B6: 30001575 | C6: FLIGHT DECK | D6: WASTE GATE | E6: WASTE GATE SPRING STUCK AND EDGES CHIPPED | G6: https://i.ibb.co/cKvnQbLQ/d8d90d2d32a4.jpg | https://i.ibb.co/1j6tQkM/d4739312fa3b.jpg | H6: Not Raised
A7: =IF(COUNTA(B7:G7)>0,ROW()-3,"") -> 4 | B7: 30001575 | C7: FLIGHT DECK | D7: FIRE EX | E7: PORT FIRE EX COMP EDGES CHIPPED AND DIRTY AND DECAL EDGES DAMAGE | G7: https://i.ibb.co/LDKNs53R/60a738aab7c7.jpg | https://i.ibb.co/Kxw7TX6x/cb59ff7813b0.jpg | H7: Not Raised
A8: =IF(COUNTA(B8:G8)>0,ROW()-3,"") -> 5 | B8: 30001575 | C8: FLIGHT DECK | D8: DISC STOWAGE | E8: DISC STOWAGE DIRTY, PAINT PEELED | G8: https://i.ibb.co/sdM1bx04/333df573f526.jpg | https://i.ibb.co/PynFbg0/9f4695bb788c.jpg | https://i.ibb.co/BHcr8tYx/4133ee94ebe8.jpg | H8: Not Raised
A9: =IF(COUNTA(B9:G9)>0,ROW()-3,"") -> 6 | B9: 30001575 | C9: FLIGHT DECK | D9: STOWAGE COMP | E9: STOWAGE COMP DIRTY AND PAINT FADED | G9: https://i.ibb.co/TdKwHcy/1ffabf0fe14f.jpg | https://i.ibb.co/TDG7VKmF/171a79eb51db.jpg | https://i.ibb.co/Q7WVmGz2/0c91afae6c65.jpg | H9: Not Raised
A10: =IF(COUNTA(B10:G10)>0,ROW()-3,"") -> 7 | B10: 30001575 | C10: FLIGHT DECK | D10: COMP | E10: STOWAGE COMP EDGES DAMAGED AND PLASTIC PAINT PEELED | G10: https://i.ibb.co/cc3kMLpK/53b04780be07.jpg | https://i.ibb.co/ZRSZV7zx/23f87b95eb76.jpg | H10: Not Raised
A11: =IF(COUNTA(B11:G11)>0,ROW()-3,"") -> 8 | B11: 30001575 | C11: FLIGHT DECK | D11: FO | E11: FO SLIDING TABLE PAINT CHIPPED | G11: https://i.ibb.co/5WPqGk9Z/ff9771b3f85c.jpg | https://i.ibb.co/Xx9XSkkW/a843df085b90.jpg | https://i.ibb.co/gMsCZk8F/1fca9100cc60.jpg | https://i.ibb.co/gbwZJgF0/cf72cec589c0.jpg | https://i.ibb.co/b560yNCb/199686d84502.jpg | H11: Not Raised
A12: =IF(COUNTA(B12:G12)>0,ROW()-3,"") -> 9 | B12: 30001575 | C12: FLIGHT DECK | D12: CAP TABLE | E12: CAP SLIDING TABLE END CAB CHIPPED PAINT, MIDDLE LATCH STIFF, MIDDLE TABLE SCRATCHED AND CHIPPED, PAPER CLIP CORRODED, BLACK-RUBBER MISSING, SLOW, STIFF AND NEEDS FORCE IN RETURNING MECHANISM | G12: https://i.ibb.co/LDLC8ZqF/8cf77b6f5530.jpg | https://i.ibb.co/ZRLNXrzt/4800d4fd2aa6.jpg | https://i.ibb.co/xq9k1xMs/262fcf47083b.jpg | https://i.ibb.co/JWDXJzWr/07cf1aaa8eb2.jpg | https://i.ibb.co/Cpr2n0LQ/9d1b84c61530.jpg | H12: Not Raised
A13: =IF(COUNTA(B13:G13)>0,ROW()-3,"") -> 10 | B13: 30001575 | C13: FLIGHT DECK | D13: CAP TABLE | E13: CAP SLIDING TABLE END CAB CHIPPED PAINT, MIDDLE LATCH STIFF, MIDDLE TABLE SCRATCHED AND CHIPPED, PAPER CLIP CORRODED, BLACK-RUBBER MISSING, SLOW, STIFF AND NEEDS FORCE IN RETURNING MECHANISM | G13: https://i.ibb.co/1J82sxYH/922b22e2b347.jpg | https://i.ibb.co/SDgWyTVT/871156f4c614.jpg | https://i.ibb.co/vxQ7GXv3/6ebd6ef51764.jpg | https://i.ibb.co/XrmVv1DK/2f46cc33c276.jpg | https://i.ibb.co/bjvdTxyL/3123161a3e72.jpg | H13: Not Raised
A14: =IF(COUNTA(B14:G14)>0,ROW()-3,"") -> 11 | B14: 30001575 | C14: FLIGHT DECK | D14: CAP SEAT | E14: CAP SEATBUILT FAILUR QUICK RETURN MECHANISM | G14: https://i.ibb.co/Psk4g0Px/1cb054ea4f6a.jpg | H14: Not Raised
A15: =IF(COUNTA(B15:G15)>0,ROW()-3,"") -> 12 | B15: 30001575 | C15: FLIGHT DECK | D15: FO | E15: FO R/ARM REST DISCOLORED EDGES, DIRTY AND PLASTIC CRACKED | G15: https://i.ibb.co/WW3Ww89K/4b2a0d6496e6.jpg | https://i.ibb.co/mFXLhmw9/ae9d4313e427.jpg | https://i.ibb.co/ZPMHNRR/47d47cad66a4.jpg | https://i.ibb.co/Rt7R2Wp/40cda1aa9e80.jpg | H15: Not Raised
... A87: =IF(COUNTA(B87:G87)>0,ROW()-3,"") -> 84 | B87: 30001351 | C87: GALLEY | D87: GALLY G1 | E87: REQUIRES PAINT | G87: https://i.ibb.co/99rtDHqr/38ed67902991.jpg | H87: Not Raised
A88: =IF(COUNTA(B88:G88)>0,ROW()-3,"") -> 85 | B88: SHAREEF | C88: GENERAL CABIN | D88: N/A | E88: R/H CLOSET TEDLAR DIRTY | G88: https://i.ibb.co/6cbTrRvm/54a21f4c79cc.jpg | H88: Not Raised
A89: =IF(COUNTA(B89:G89)>0,ROW()-3,"") -> 86 | B89: SHAREEF | C89: GENERAL CABIN | D89: N/A | E89: L/H CLOSET SCREW MISSING WASHER | G89: https://i.ibb.co/CsQ3bMwb/b65c494a5b4a.jpg | H89: Not Raised
A90: =IF(COUNTA(B90:G90)>0,ROW()-3,"") -> 87 | B90: SHAREEF | C90: GENERAL CABIN | D90: N/A | E90: L/H CLOSET SMALL KNOB LOOSE | G90: https://i.ibb.co/7tGh4dNy/4929a6514712.jpg | H90: Not Raised
A91: =IF(COUNTA(B91:G91)>0,ROW()-3,"") -> 88 | B91: SHAREEF | C91: GENERAL CABIN | D91: N/A | E91: L/H TURN CATCHES PNT SCRATCHED | H91: Not Raised
A92: =IF(COUNTA(B92:G92)>0,ROW()-3,"") -> 89 | B92: SHAREEF | C92: GENERAL CABIN | D92: N/A | E92: CLOSET L/H MISSING SEALANT | G92: https://i.ibb.co/MyBC3Y11/aab966f5177d.jpg | H92: Not Raised
A93: =IF(COUNTA(B93:G93)>0,ROW()-3,"") -> 90 | B93: SHAREEF | C93: GENERAL CABIN | D93: N/A | E93: CLOSET L/H DIRTY | G93: https://i.ibb.co/whMYr764/9d52359ec6c4.jpg | H93: Not Raised
A94: =IF(COUNTA(B94:G94)>0,ROW()-3,"") -> 91 | B94: SHAREEF | C94: GENERAL CABIN | D94: N/A | E94: CLOSET R/H DIRTY | G94: https://i.ibb.co/N6shNgZC/1e25ef869dc1.jpg | H94: Not Raised
A95: =IF(COUNTA(B95:G95)>0,ROW()-3,"") -> 92 | B95: SHAREEF | C95: GENERAL CABIN | D95: N/A | E95: REQ PNT. TEDLAR ALSO | G95: https://i.ibb.co/DH3JhYzK/8f57d09b687c.jpg | H95: Not Raised
A96: =IF(COUNTA(B96:G96)>0,ROW()-3,"") -> 93 | B96: SHAREEF | C96: GENERAL CABIN | D96: N/A | E96: 2 SCREWS MISSING CLOSET R/H | G96: https://i.ibb.co/XfCX7R4G/6d09137f212b.jpg | H96: Not Raised
A97: =IF(COUNTA(B97:G97)>0,ROW()-3,"") -> 94 | B97: SHAREEF | C97: GENERAL CABIN | D97: N/A | E97: STRIKER IS DAMAGED UPPER CLOSET L/H ( S301 | G97: https://i.ibb.co/HpVx8KTH/f4db823cd1b0.jpg | H97: Not Raised
A98: =IF(COUNTA(B98:G98)>0,ROW()-3,"") -> 95 | B98: SHAREEF | C98: GENERAL CABIN | D98: N/A | E98: MOUNT COVER MISSING CLOSET L/H | G98: https://i.ibb.co/h1h3HCjZ/36bcd77b32c6.jpg | H98: Not Raised
A99: =IF(COUNTA(B99:G99)>0,ROW()-3,"") -> 96 | B99: SHAREEF | C99: GENERAL CABIN | D99: N/A | E99: AFT CLOSET L/H | G99: https://i.ibb.co/23QKr9Nb/a1508e34cfb2.jpg | H99: Not Raised
A100: =IF(COUNTA(B100:G100)>0,ROW()-3,"") -> 97 | B100: SHAREEF | C100: GALLEY | D100: FWD G2 | E100: STRIKER MISSING FOR COMP. 205, AND 202 | F100: ALSO, COMP 209 STRIKE IS DAMAGED. | G100: https://i.ibb.co/Mk1Hp0w5/b982e9d22a76.jpg | https://i.ibb.co/fd9GghBj/7a2685e0f0d4.jpg | H100: Not Raised
A101: =IF(COUNTA(B101:G101)>0,ROW()-3,"") -> 98 | B101: 30001461 | C101: GENERAL CABIN | D101: N/A | E101: TEDLAR ABOVE WINDOW 3LJ, 5AC CHIPPED | H101: Not Raised
A102: =IF(COUNTA(B102:G102)>0,ROW()-3,"") -> 99 | B102: 30001461 | C102: GENERAL CABIN | D102: N/A | E102: SPLINEFOR 1AC, 1LJ, 5LJ BROKEN | G102: https://i.ibb.co/MyJ6PzQP/729b451d0af7.jpg | https://i.ibb.co/yDBLBFv/6201a108f7f4.jpg | https://i.ibb.co/yc95Kjfd/6e1bda0f3b78.jpg | H102: Not Raised
A103: =IF(COUNTA(B103:G103)>0,ROW()-3,"") -> 100 | B103: 30001461 | C103: GENERAL CABIN | D103: N/A | E103: DOG HOUSE LH B/C REQ PAINT | G103: https://i.ibb.co/21WbMzdG/2467fd140f9c.jpg | H103: Not Raised
A104: =IF(COUNTA(B104:G104)>0,ROW()-3,"") -> 101 | B104: 30001461 | C104: GENERAL CABIN | D104: N/A | E104: OVH STOWAGE 4LJ BROKEN | G104: https://i.ibb.co/VWN1MJ2T/2c7c4aaa5233.jpg | H104: Not Raised
A105: =IF(COUNTA(B105:G105)>0,ROW()-3,"") -> 102 | B105: 30001461 | C105: GENERAL CABIN | D105: N/A | E105: OVH STOWAGE BROKEN 1LJ | G105: https://i.ibb.co/8LR8MfdZ/eedf5881277d.jpg | H105: Not Raised
A106: =IF(COUNTA(B106:G106)>0,ROW()-3,"") -> 103 | B106: 30001461 | C106: GENERAL CABIN | D106: N/A | E106: OVH STOWAGE DOOR FOUND DIRTY FWD OF 1LJ | G106: https://i.ibb.co/2YkBJbkk/d692b05da1ae.jpg | H106: Not Raised
A107: =IF(COUNTA(B107:G107)>0,ROW()-3,"") -> 104 | B107: 30001461 | C107: GENERAL CABIN | D107: N/A | E107: FWD STOWAGE SEALANT MISSINF | G107: https://i.ibb.co/4R3DG9V4/d02d02819b94.jpg | H107: Not Raised
A108: =IF(COUNTA(B108:G108)>0,ROW()-3,"") -> 105 | B108: 30001461 | C108: GENERAL CABIN | D108: N/A | E108: ALL OVERHEAD STOWAGE COMPARTMENTS DIRTY | G108: https://i.ibb.co/fzxDQgq6/cebeb219bdfb.jpg | H108: Not Raised
A109: =IF(COUNTA(B109:G109)>0,ROW()-3,"") -> 106 | B109: 30001461 | C109: GENERAL CABIN | D109: N/A | E109: SEVERAL WINDOWS MISSMATCH COLORS | G109: https://i.ibb.co/YF7xJhxS/39481d412fba.jpg | H109: Not Raised
A110: =IF(COUNTA(B110:G110)>0,ROW()-3,"") -> 107 | B110: 30001461 | C110: GENERAL CABIN | D110: N/A | E110: FWD STOWAGE TEDLAR CHIPPED | G110: https://i.ibb.co/sJ5k78Ps/e4e20e5ece6a.jpg | https://i.ibb.co/PsvR868L/4834a4a1a72f.jpg | H110: Not Raised
A111: =IF(COUNTA(B111:G111)>0,ROW()-3,"") -> 108 | B111: 30001461 | C111: GENERAL CABIN | D111: N/A | E111: FWD TRIM REQ S/M | G111: https://i.ibb.co/zVVsHN6Y/57687a50cb99.jpg | https://i.ibb.co/0y76kqMn/fadc4c2fd699.jpg | H111: Not Raised
A112: =IF(COUNTA(B112:G112)>0,ROW()-3,"") -> 109 | B112: 30001461 | C112: GENERAL CABIN | D112: N/A | E112: 3CA OVH STOWAGE TRIM BROKEN | G112: https://i.ibb.co/xS0SyrLw/ae70d27393fb.jpg | H112: Not Raised
A113: =IF(COUNTA(B113:G113)>0,ROW()-3,"") -> 110 | B113: 30001461 | C113: GENERAL CABIN | D113: N/A | E113: SEVERAL OVH STOWAGE NEED ADJUSTMENT | H113: Not Raised
A114: =IF(COUNTA(B114:G114)>0,ROW()-3,"") -> 111 | B114: 30001461 | C114: GENERAL CABIN | D114: N/A | E114: OVH STOWAGE FRONT OF 1LJ REQ PAINT | G114: https://i.ibb.co/jkG28k8W/21d6184cf99f.jpg | H114: Not Raised
A115: =IF(COUNTA(B115:G115)>0,ROW()-3,"") -> 112 | B115: 30001461 | C115: GENERAL CABIN | D115: N/A | E115: 2CA, 6CA OVH STOWAGE BUMBER MISSING | G115: https://i.ibb.co/n8D75xvm/095e05b24d33.jpg | https://i.ibb.co/fYdpHzhJ/bb386e02592f.jpg | H115: Not Raised
A116: =IF(COUNTA(B116:G116)>0,ROW()-3,"") -> 113 | B116: 30001461 | C116: GENERAL CABIN | D116: N/A | E116: CEILING PANEL FOUND BROKEN ABOVE 4LJ | G116: https://i.ibb.co/8nNvFF5P/639a7fff4c28.jpg | H116: Not Raised
A117: =IF(COUNTA(B117:G117)>0,ROW()-3,"") -> 114 | B117: 30001461 | C117: GENERAL CABIN | D117: N/A | E117: DIVIDER CURTAIN MISSING SLIDESAND HOOKS | G117: https://i.ibb.co/CpqWvd47/af4e7cff70f5.jpg | https://i.ibb.co/M5pPgBN6/28d7df91ad00.jpg | H117: Not Raised
A118: =IF(COUNTA(B118:G118)>0,ROW()-3,"") -> 115 | B118: 30001461 | C118: GENERAL CABIN | D118: N/A | E118: PARTITION TEDLAR FOLDED | G118: https://i.ibb.co/wFVKWxcS/cbf00f8f6445.jpg | H118: Not Raised
A119: =IF(COUNTA(B119:G119)>0,ROW()-3,"") -> 116 | B119: 30001461 | C119: GENERAL CABIN | D119: N/A | E119: TEDLAR ABOVE WINDOW 3LJ, 5AC CHIPPED | G119: https://i.ibb.co/60sfPVRr/60186075a704.jpg | https://i.ibb.co/93cc1GF9/4dcdf9d5b99b.jpg | H119: Not Raised
A120: =IF(COUNTA(B120:G120)>0,ROW()-3,"") -> 117 | B120: 30001461 | C120: GENERAL CABIN | D120: N/A | E120: SPLINEFOR 1AC, 1LJ, 5LJ BROKEN | G120: https://i.ibb.co/MyJ6PzQP/729b451d0af7.jpg | https://i.ibb.co/yDBLBFv/6201a108f7f4.jpg | https://i.ibb.co/yc95Kjfd/6e1bda0f3b78.jpg | H120: Not Raised
A121: =IF(COUNTA(B121:G121)>0,ROW()-3,"") -> 118 | B121: 30001461 | C121: GENERAL CABIN | D121: N/A | E121: DOG HOUSE LH B/C REQ PAINT | G121: https://i.ibb.co/21WbMzdG/2467fd140f9c.jpg | H121: Not Raised
A122: =IF(COUNTA(B122:G122)>0,ROW()-3,"") -> 119 | B122: 30001461 | C122: GENERAL CABIN | D122: N/A | E122: OVH STOWAGE 4LJ BROKEN | G122: https://i.ibb.co/VWN1MJ2T/2c7c4aaa5233.jpg | H122: Not Raised
A123: =IF(COUNTA(B123:G123)>0,ROW()-3,"") -> 120 | B123: 30001461 | C123: GENERAL CABIN | D123: N/A | E123: OVH STOWAGE BROKEN 1LJ | G123: https://i.ibb.co/8LR8MfdZ/eedf5881277d.jpg | H123: Not Raised
A124: =IF(COUNTA(B124:G124)>0,ROW()-3,"") -> 121 | B124: 30001461 | C124: GENERAL CABIN | D124: N/A | E124: OVH STOWAGE DOOR FOUND DIRTY FWD OF 1LJ | G124: https://i.ibb.co/2YkBJbkk/d692b05da1ae.jpg | H124: Not Raised
A125: =IF(COUNTA(B125:G125)>0,ROW()-3,"") -> 122 | B125: 30001461 | C125: GENERAL CABIN | D125: N/A | E125: FWD STOWAGE SEALANT MISSINF | G125: https://i.ibb.co/4R3DG9V4/d02d02819b94.jpg | H125: Not Raised
... A128: =IF(COUNTA(B128:G128)>0,ROW()-3,"") -> 125 | B128: 30001351 | C128: GALLEY | D128: GALLY G2 | E128: REQUIRES SHEET METAL DOOR STRIKER 201 202 205 206 209 210 | G128: https://i.ibb.co/wNcdVsC4/eaf4fc008274.jpg | https://i.ibb.co/jBHpz63/4f483308f085.jpg | https://i.ibb.co/bgTBjq7D/3f67223bdf6f.jpg | https://i.ibb.co/KxJmHJFk/2598c7d8cf17.jpg | https://i.ibb.co/9mVkHZnF/466e5f1dd050.jpg | H128: Not Raised
A129: =IF(COUNTA(B129:G129)>0,ROW()-3,"") -> 126 | B129: 30001351 | C129: GALLEY | D129: GALLY G2 | E129: SLAM LATCH LOOSE 201 203 205 209 210 | H129: Not Raised
A130: =IF(COUNTA(B130:G130)>0,ROW()-3,"") -> 127 | B130: 30001351 | C130: GALLEY | D130: GALLY G1 | E130: DISENGAGEMENT DEVICE 101 DEFORMED | G130: https://i.ibb.co/4Lm1wtv/867c68c34f18.jpg | H130: Not Raised
A131: =IF(COUNTA(B131:G131)>0,ROW()-3,"") -> 128 | B131: 30001351 | C131: GALLEY | D131: GALLY G2 | E131: SEALENT DEFORMED AND DIRTY | G131: https://i.ibb.co/zT3vH0p4/e6d9f4d4ac11.jpg | H131: Not Raised
A132: =IF(COUNTA(B132:G132)>0,ROW()-3,"") -> 129 | B132: 30001351 | C132: GALLEY | D132: GALLY G1 AND G2 | E132: SEALENT DEFORMED AND DIRTY 108 AND 109 AND 110 AND 111 AND 212 | G132: https://i.ibb.co/nNJdmRCv/96dd1fa2af26.jpg | https://i.ibb.co/21ytbYXr/5d8a753ea700.jpg | https://i.ibb.co/rRKxF5JW/88e926d0f82d.jpg | https://i.ibb.co/GQgYY3g5/1e0993637a03.jpg | https://i.ibb.co/DDrsPRXQ/f31a7f3f7057.jpg | H132: Not Raised
A133: =IF(COUNTA(B133:G133)>0,ROW()-3,"") -> 130 | B133: 30001351 | C133: GALLEY | D133: GALLY G2 | E133: REQUIRES SHEET METAL 209 AND 210 | G133: https://i.ibb.co/fz71QBd6/ef70e2b30651.jpg | https://i.ibb.co/LXknV59C/6c1f8758b8e1.jpg | H133: Not Raised
A134: =IF(COUNTA(B134:G134)>0,ROW()-3,"") -> 131 | B134: 30001351 | C134: GALLEY | D134: GALLY G2 | E134: REQUIRES SHEET METAL 201 AND 202 AND 206 AND 205 MISSING RIVETS | G134: https://i.ibb.co/tMx7gggm/abf525f29670.jpg | https://i.ibb.co/tfjqc3R/7e658c95da4e.jpg | https://i.ibb.co/3GLY3t0/2bd93c46a850.jpg | https://i.ibb.co/zVS1yp8j/b4402a249439.jpg | https://i.ibb.co/PZ7k18RS/dc899058dd70.jpg | H134: Not Raised
A135: =IF(COUNTA(B135:G135)>0,ROW()-3,"") -> 132 | B135: 30001351 | C135: GALLEY | D135: GALLY G1 | E135: NEEDS SHEET METAL 101 AND 102 | G135: https://i.ibb.co/v4xSmXy3/6399dadb5905.jpg | https://i.ibb.co/rG61wPKd/653916e35dcf.jpg | https://i.ibb.co/WvPQMy07/759f953cc713.jpg | https://i.ibb.co/sJt0Phch/be223e78ac22.jpg | H135: Not Raised
A136: =IF(COUNTA(B136:G136)>0,ROW()-3,"") -> 133 | B136: 30001351 | C136: GALLEY | D136: GALLY G1 | E136: PAINT NEXT TO OVEN 2 AND BETWEN OVEN 1 | G136: https://i.ibb.co/YF2bZzqj/4edade705ac0.jpg | https://i.ibb.co/HDGNGBBm/258684e06df6.jpg | H136: Not Raised
A137: =IF(COUNTA(B137:G137)>0,ROW()-3,"") -> 134 | B137: 30001351 | C137: TEDLAR/SIDEWALL | D137: G2 | E137: 209 TEDLAR | G137: https://i.ibb.co/r2KgdVC9/a159e8a627e7.jpg | H137: Not Raised
A138: =IF(COUNTA(B138:G138)>0,ROW()-3,"") -> 135 | B138: 30001351 | C138: GALLEY | D138: GALLY G1 AND G2 | E138: WORN AND DAMAGED CART DIVIDER ON BOTH SIDES | H138: Not Raised
A139: =IF(COUNTA(B139:G139)>0,ROW()-3,"") -> 136 | B139: 30001351 | C139: GALLEY | D139: GALLY G2 | E139: FOOT STEP SCRATCHED AND COLOUR FADED MISSING KNOB | G139: https://i.ibb.co/sxBDvN6/f0394f506858.jpg | H139: Not Raised
A140: =IF(COUNTA(B140:G140)>0,ROW()-3,"") -> 137 | B140: 30001351 | C140: GALLEY | D140: GALLY G1 | E140: FOOT STEP SCRATCHED AND COLOUR FADED | G140: https://i.ibb.co/hJH4xjGC/61795342a129.jpg | H140: Not Raised
A141: =IF(COUNTA(B141:G141)>0,ROW()-3,"") -> 138 | B141: 30001351 | C141: GALLEY | D141: GALLY G2 | E141: 207 WASTE CONTAINER LATCH LOOSE | G141: https://i.ibb.co/Ng1Cj1Ry/a8df7cd5de9f.jpg | H141: Not Raised
A142: =IF(COUNTA(B142:G142)>0,ROW()-3,"") -> 139 | B142: 30001351 | C142: GALLEY | D142: GALLY G1 | E142: MID LATCH LEVER LOOSE ON 109 AND 110 | G142: https://i.ibb.co/DDrzbrxn/e9383d640838.jpg | https://i.ibb.co/yF6wHgts/30dffb1e290b.jpg | https://i.ibb.co/xqMc0PLj/66f858a056c9.jpg | H142: Not Raised
A143: =IF(COUNTA(B143:G143)>0,ROW()-3,"") -> 140 | B143: 30001351 | C143: GALLEY | D143: GALLY G2 | E143: 208 DAMAGED AND DECALS FADED | G143: https://i.ibb.co/9kWd0Ygd/414280c92f37.jpg | H143: Not Raised
A144: =IF(COUNTA(B144:G144)>0,ROW()-3,"") -> 141 | B144: 30001351 | C144: GALLEY | D144: GALLY G2 | E144: 204 RED LATCH BOTH SCRATCHED | G144: https://i.ibb.co/0ptc6SZs/17f4fd4318c8.jpg | H144: Not Raised
A145: =IF(COUNTA(B145:G145)>0,ROW()-3,"") -> 142 | B145: 30001351 | C145: GALLEY | D145: GALLY G2 | E145: NEXT TOO AND ABOVE 204 BENT AND DAMGED | G145: https://i.ibb.co/0RbHPHY1/7582b3829c13.jpg | https://i.ibb.co/hJr7t9fs/ba3a38af79cf.jpg | H145: Not Raised
A146: =IF(COUNTA(B146:G146)>0,ROW()-3,"") -> 143 | B146: 3000135 | C146: GALLEY | D146: GALLY G2 | E146: TURN CATCH DAMAGED AND SCRATCHED | G146: https://i.ibb.co/VYCmtf9Z/6abe906e4af3.jpg | https://i.ibb.co/2Y3KKpV1/59e5075d0501.jpg | https://i.ibb.co/1J6k3yPk/d5840ebc21c2.jpg | https://i.ibb.co/6Rw8RTfY/7762b24e04d3.jpg | H146: Not Raised
A147: =IF(COUNTA(B147:G147)>0,ROW()-3,"") -> 144 | B147: 3000135 | C147: GALLEY | D147: GALLY G1 | E147: TURN CATCH DAMAGED AND SCRATCHED | G147: https://i.ibb.co/KjzGJ0Xy/9b1b750da460.jpg | https://i.ibb.co/MyM5vVmB/a852470e8dbb.jpg | https://i.ibb.co/4ZgC3gmB/759abe156364.jpg | H147: Not Raised
A148: =IF(COUNTA(B148:G148)>0,ROW()-3,"") -> 145 | B148: 30001351 | C148: GALLEY | D148: N/A | E148: L1 CEILING PANEL DIRTY AND SCRATCHED MIDDLE CEILING PANEL DAMAGED R1 CEILING PANEL LIGHT DIRTY | G148: https://i.ibb.co/dw8GwPc9/df5693e0c7c3.jpg | https://i.ibb.co/TB4X0Fx0/6d3a18877e78.jpg | https://i.ibb.co/HyQZZNj/bcea8bc38464.jpg | https://i.ibb.co/wZfWmNrz/1d5c4e475c3f.jpg | H148: Not Raised
A149: =IF(COUNTA(B149:G149)>0,ROW()-3,"") -> 146 | B149: 30001351 | C149: GALLEY | D149: GALLY G1 | E149: CURTAIN BENT SCRATCHED MISSING CURTAIN STOPPER DECALS FADED | G149: https://i.ibb.co/gbxGx10j/436326e8ca26.jpg | https://i.ibb.co/Kcb49JWf/6224e9593a1f.jpg | https://i.ibb.co/VWQFDgTW/ca59ccfde78b.jpg | H149: Not Raised
A150: =IF(COUNTA(B150:G150)>0,ROW()-3,"") -> 147 | B150: 30001351 | C150: GALLEY | D150: GALLY G1 | E150: AIR CHILLER DAMAGED BETWEEN 110 AND 111 | G150: https://i.ibb.co/gLQ6nDSd/b769ff1bfd36.jpg | https://i.ibb.co/nNH1cJQ9/f7c769cbee80.jpg | https://i.ibb.co/s9KYb1dr/00868dadc0c2.jpg | https://i.ibb.co/ks0kZQLG/c57413dd5305.jpg | H150: Not Raised
... A158: =IF(COUNTA(B158:G158)>0,ROW()-3,"") -> 155 | B158: 30001351 | C158: GALLEY | D158: GALLY G1 | E158: CART CATCHER SCRATCHED AND DAMAGED KNOB FADED COLOUR AND DAMGED | G158: https://i.ibb.co/JRtKQfZd/9f91d5bfd497.jpg | https://i.ibb.co/rqrBKg3/98ef4f1da09d.jpg | https://i.ibb.co/zhBy211v/b9d94ee34eae.jpg | https://i.ibb.co/4ZxTkFdC/31215b3b3112.jpg | H158: Not Raised
A159: =IF(COUNTA(B159:G159)>0,ROW()-3,"") -> 156 | B159: SHAREEF | C159: LAVATORY | D159: LAV A | E159: DECAL DISCOLORATION | G159: https://i.ibb.co/mrs7zTmp/c52f31d1f3b8.jpg | H159: Not Raised
A160: =IF(COUNTA(B160:G160)>0,ROW()-3,"") -> 157 | B160: 30001575 | C160: TEDLAR/SIDEWALL | D160: LAV E | E160: DAMAGED TEDLAR | G160: https://i.ibb.co/679pj7JW/032df7288717.jpg | H160: Not Raised
A161: =IF(COUNTA(B161:G161)>0,ROW()-3,"") -> 158 | B161: 30001575 | C161: LAVATORY | D161: LAV E | E161: DAMAGED NO SMOKE DECAL | G161: https://i.ibb.co/Ngv0bRVP/7b3a9bfc0229.jpg | H161: Not Raised
A162: =IF(COUNTA(B162:G162)>0,ROW()-3,"") -> 159 | B162: 30001575 | C162: TEDLAR/SIDEWALL | D162: LAV E | E162: DAMAGED TEDLAR | G162: https://i.ibb.co/VpQmpzcB/b17035e70c99.jpg | H162: Not Raised
A163: =IF(COUNTA(B163:G163)>0,ROW()-3,"") -> 160 | B163: 30001575 | C163: TEDLAR/SIDEWALL | D163: LAV E | E163: DAMAGED TEDLAR | G163: https://i.ibb.co/cXtMZ3RX/bf13822f1c96.jpg | H163: Not Raised
A164: =IF(COUNTA(B164:G164)>0,ROW()-3,"") -> 161 | B164: 30001575 | C164: LAVATORY | D164: LAV E | E164: CHIPPED WRITINGS (VACANT/) | G164: https://i.ibb.co/sdXx9HRK/d46f55f62cdf.jpg | H164: Not Raised
A165: =IF(COUNTA(B165:G165)>0,ROW()-3,"") -> 162 | B165: 30001575 | C165: LAVATORY | D165: LAV E | E165: DAMAGED SMOKE OR ASHTRAY DECAL | G165: https://i.ibb.co/QFtCs22P/85fa1d71ba6c.jpg | H165: Not Raised
A166: =IF(COUNTA(B166:G166)>0,ROW()-3,"") -> 163 | B166: 30001575 | C166: LAVATORY | D166: LAV E | E166: DOWNWARD DIRT.LAV. DOOR | G166: https://i.ibb.co/MyW3tbfZ/39e6f301685c.jpg | H166: Not Raised
A167: =IF(COUNTA(B167:G167)>0,ROW()-3,"") -> 164 | B167: FOUAD MOJALLY | C167: LAVATORY | D167: D | E167: LAVATORY FILTER DIRTY | G167: https://i.ibb.co/DPvbPskJ/a5eec72114b7.jpg | H167: Not Raised
A168: =IF(COUNTA(B168:G168)>0,ROW()-3,"") -> 165 | B168: 30001575 | C168: LAVATORY | D168: LAV E | E168: STOWAGE DOOR DENT | G168: https://i.ibb.co/QsTz3dx/b985995513df.jpg | H168: Not Raised
A169: =IF(COUNTA(B169:G169)>0,ROW()-3,"") -> 166 | B169: FOUAD MOJALLY | C169: LAVATORY | D169: D | E169: WASHBASINE PAINT DAMAG | G169: https://i.ibb.co/LzbTn4hV/ed28575c2735.jpg | H169: Not Raised
A170: =IF(COUNTA(B170:G170)>0,ROW()-3,"") -> 167 | B170: 30001575 | C170: LAVATORY | D170: LAV E | E170: STUCK AND SCRATCHED ON THE PAD DRAWER | G170: https://i.ibb.co/LDf8wRbn/a7f8059b557a.jpg | H170: Not Raised
A171: =IF(COUNTA(B171:G171)>0,ROW()-3,"") -> 168 | B171: FOUAD MOJALLY | C171: LAVATORY | D171: D | E171: LAVATORY MIRROR FADED | G171: https://i.ibb.co/7BNyFqw/36d1b037fee1.jpg | H171: Not Raised
A172: =IF(COUNTA(B172:G172)>0,ROW()-3,"") -> 169 | B172: 30001575 | C172: LAVATORY | D172: LAV E | E172: TOILET PAPER CASE CHIPPED PAINT | G172: https://i.ibb.co/MyJ6LXjg/4dfe707300d1.jpg | H172: Not Raised
A173: =IF(COUNTA(B173:G173)>0,ROW()-3,"") -> 170 | B173: FOUAD MOJALLY | C173: LAVATORY | D173: D | E173: LAVATORY DOOR HINGE MISSING SCREW | G173: https://i.ibb.co/JW2R228C/eba7ce9f76a5.jpg | H173: Not Raised
A174: =IF(COUNTA(B174:G174)>0,ROW()-3,"") -> 171 | B174: 30001575 | C174: LAVATORY | D174: LAV E | E174: DISCOLORED AND DIRTY MIRROR DOWNWARD | G174: https://i.ibb.co/8LwVd5wz/f68bc27804d8.jpg | H174: Not Raised
A175: =IF(COUNTA(B175:G175)>0,ROW()-3,"") -> 172 | B175: FOUAD MOJALLY | C175: LAVATORY | D175: D | E175: LAVATORY THRESHOLD MISSING SCREW | G175: https://i.ibb.co/C3MLn3P8/cff405cd4423.jpg | H175: Not Raised
A176: =IF(COUNTA(B176:G176)>0,ROW()-3,"") -> 173 | B176: 30001575 | C176: LAVATORY | D176: LAV E | E176: MISSING SCREW ON THE TOILET SHROUD | G176: https://i.ibb.co/tPD4wSSp/9f83d948f23d.jpg | H176: Not Raised
A177: =IF(COUNTA(B177:G177)>0,ROW()-3,"") -> 174 | B177: FOUAD MOJALLY | C177: LAVATORY | D177: D | E177: LAVATORY STOWAGE METAL PLATE DAMAGED | G177: https://i.ibb.co/M5knjvNc/9510cb84f122.jpg | H177: Not Raised
A178: =IF(COUNTA(B178:G178)>0,ROW()-3,"") -> 175 | B178: SHAREEF | C178: GENERAL CABIN | D178: N/A | E178: THE TRIANGLE THING. IN B/C R/H MISSING | G178: https://i.ibb.co/60Gz6k29/3328e69c9444.jpg | https://i.ibb.co/0RGT38Jd/8765e338d62f.jpg | H178: Not Raised
A179: =IF(COUNTA(B179:G179)>0,ROW()-3,"") -> 176 | B179: FOUAD MOJALLY | C179: LAVATORY | D179: D | E179: LAVATORY STOWAGE CABINIT RUBBER SEAL DAMAGED | G179: https://i.ibb.co/dsws3TMg/38f1714bbc08.jpg | H179: Not Raised
A180: =IF(COUNTA(B180:G180)>0,ROW()-3,"") -> 177 | B180: 30001575 | C180: LAVATORY | D180: LAV E | E180: DIRTY FILTER | G180: https://i.ibb.co/ksmJKrn8/20c46daad85f.jpg | H180: Not Raised
...

Sheet OPEN UP-ACCESS
A1: OPEN UP / ACCESS LOG ✈ HZ-ASD ✈ C2+6Y CHECK | F1: ="🔧 "&COUNTIFS(B4:B504,"<>",F4:F504,"Re-Installed")&" / "&COUNTIF(B4:B504,"<>")&" Re-Installed ("&TEXT(IFERROR(COUNTIFS(B4:B504,"<>",F4:F504,"Re-Installed")/COUNTIF(B4:B504,"<>"),0),"0%")&")" -> 🔧 0 / 0 Re-Installed (0%)
A2: Removed items log | F2: ="⚠️ Still Open: "&COUNTIFS(B4:B504,"<>",F4:F504,"Open") -> ⚠️ Still Open: 0
A3: Seq. No. | B3: Item Removed (panel / seat / component) | C3: AREA | D3: Relevant WO No. | E3: Removed By | F3: Status | G3: Date Removed | H3: Re-Installed By | I3: Date Re-Installed | J3: Remarks
A8: =IF(B8<>"",ROW()-3,"")
A9: =IF(B9<>"",ROW()-3,"")
A10: =IF(B10<>"",ROW()-3,"")
A11: =IF(B11<>"",ROW()-3,"")
A12: =IF(B12<>"",ROW()-3,"")
A13: =IF(B13<>"",ROW()-3,"")
A14: =IF(B14<>"",ROW()-3,"")
A15: =IF(B15<>"",ROW()-3,"")
A16: =IF(B16<>"",ROW()-3,"")
A17: =IF(B17<>"",ROW()-3,"")
A18: =IF(B18<>"",ROW()-3,"")
A19: =IF(B19<>"",ROW()-3,"")
... A504: =IF(B504<>"",ROW()-3,"")

Sheet FULL PKG
A1: Seq | B1: WO / Task | C1: Title | D1: Priority | E1: Est MH | F1: Booked MH | G1: Dur (h) | H1: Progress | I1: ATA | J1: Phase | L1: Day | M1: Plan Cum
A2: 1 | B2: 32797253 | C2: 6Y_N/6Y_N YEARS STRUCTURE | D2: N | E2: 0 | F2: 0 | G2: 0 | H2: Not Started | I2: 5
A3: 15 | B3: 200131-01-1 | C3: 200131-01-1 (2) / FWD CARGO COMPARTMENT CLEANING | D3: 1 | E3: 3.33 | F3: 35.5 | G3: 859.4 | H3: Idle | I3: 24-92 | J3: JOB-SETUP, CLEAN-UP, CLOSE-UP, CLOSE-UP
A4: 18 | B4: 200145-01-1 | C4: 200145-01-1 (2) / ZONE UNDER CABIN FLOOR CLEANING | D4: 1 | E4: 0 | F4: 20 | G4: 573.9 | H4: Idle | I4: 24-92 | J4: JOB-SETUP, CLEAN-UP, INSPECTION, JOB-CLOSEUP
A5: 20 | B5: 200151-03-1 | C5: 200151-03-1 (02) / ACT (EWIS) WIRING CONNECTION INSP | D5: 1 | E5: 4.58 | F5: 102.8 | G5: 584.4 | H5: Idle | I5: 24-92 | J5: JOB-SETUP, JOB-SETUP, TC/P, TC/P, TC/P, TC/P, TC/P, TC/P, TC/P, TC/P, TC/P, TC/P, TC/P, TC/P, TC/P, TC/P, TC/P, INSPECTION, JOB-CLOSEUP, JOB-CLOSEUP, JOB-CLOSEUP
A6: 35 | B6: 253000-01-1 | C6: 253000-01-1 (3) / GALLEY ATTACHMENT POINTS INSPECTION | D6: 1 | E6: 0.4 | F6: 58 | G6: 917.4 | H6: Idle | I6: 25-30 | J6: JOB-SETUP, INSPECTION, INSPECTION, INSPECTION, INSPECTION, JOB-CLOSEUP, JOB-CLOSEUP
A7: 42 | B7: 282800-08-1 | C7: 282800-08-1 (02) / ADDITIONAL CENTER TANK (ACT) OPC | D7: 1 | E7: 0.43 | F7: 93.7 | G7: 750.8 | H7: Idle | I7: 28-28 | J7: JOB-SETUP, OPS/LK, JOB-CLOSEUP
A8: 43 | B8: 282800-18-1 | C8: 282800-18-1 (08) / VENT/TRANSFER PIPE SHROUDS FNC | D8: 1 | E8: 1.47 | F8: 0 | G8: 0 | H8: Not Started | I8: 28-28 | J8: JOB-SETUP, TC/P, TC/P, INSPECTION, JOB-CLOSEUP, JOB-CLOSEUP
A9: 44 | B9: 323300-01-1 | C9: 323300-01-1 (2) / LG FREE FALL EXTN MECH&CABLE INSP | D9: 1 | E9: 0.33 | F9: 36 | G9: 390.4 | H9: Idle | I9: 32-33 | J9: JOB-SETUP, TC/P, TC/P, TC/P, TC/P, INSPECTION, INSPECTION, INSPECTION, INSPECTION, INSPECTION, INSPECTION, INSPECTION, --, JOB-CLOSEUP, JOB-CLOSEUP
A10: 45 | B10: 323300-04-1 | C10: 323300-04-1 (3) / LG FREE FALL MECH CABLE TENTION CHK | D10: 1 | E10: 0.15 | F10: 28.2 | G10: 843.8 | H10: Idle | I10: 32-33 | J10: JOB-SETUP, JOB-SETUP, OPS/LK, OPS/LK, JOB-CLOSEUP, JOB-CLOSEUP
A11: 52 | B11: 531164-01-1 | C11: 531164-01-1 (02) / FUSELAGE FR 15-21 INSPECTION | D11: 1 | E11: 1.5 | F11: 3.17 | G11: 769.9 | H11: Idle | I11: 53-11 | J11: JOB-SETUP, CLEAN-UP, INSPECTION, INSPECTION, INSPECTION, JOB-CLOSEUP
A12: 53 | B12: 531166-01-2 | C12: 531166-01-2 (2) / FUSELAGE FR 16-20 INSPECTION | D12: 1 | E12: 0.65 | F12: 58.5 | G12: 581.5 | H12: Idle | I12: 53-11 | J12: JOB-SETUP, CLEAN-UP, INSPECTION, INSPECTION, JOB-CLOSEUP
A13: 55 | B13: 531181-01-1 | C13: 531181-01-1 (3) / FUSELAGE INTERNL STRUCT FR15-21 INSP | D13: 1 | E13: 1.75 | F13: 60.8 | G13: 1054.3 | H13: Idle | I13: 53-11 | J13: JOB-SETUP, CLEAN-UP, INSPECTION, INSPECTION, INSPECTION, JOB-CLOSEUP, JOB-CLOSEUP
A14: 56 | B14: 531189-01-2 | C14: 531189-01-2 (2) / CABIN FLOOR STRUCT FR12 & FR21 INSP | D14: 1 | E14: 3.67 | F14: 205.8 | G14: 724.7 | H14: Idle | I14: 53-11 | J14: JOB-SETUP, CLEAN-UP, INSPECTION, INSPECTION, INSPECTION, JOB-CLOSEUP, INSPECTION, JOB-CLOSEUP
... A20: 112 | B20: ZL-153-01-1 | C20: ZL-153-01-1 (03) / AFT CARGO COMPTMENT UNDERFLOOR BAY | D20: 1 | E20: 3.67 | F20: 91.1 | G20: 880 | H20: Idle | I20: 05-21 | J20: JOB-SETUP, INSPECTION, INSPECTION, INSPECTION, INSPECTION, INSPECTION, JOB-CLOSEUP, JOB-CLOSEUP
A21: 158 | B21: 31871161 | C21: A_N (A_N09)/A_N-CHECK | D21: N | E21: 0 | F21: 0 | G21: 0 | H21: Not Started | I21: 20-00
A22: 160 | B22: 11-11-00-01-0-SVA | C22: 11-11-00-01-0-SVA (02) / INTERIOR PLACARDS CHECK | D22: 1 | E22: 1 | F22: 0 | G22: 0 | H22: Not Started | I22: 11-11 | J22: PRE INSP
A23: 165 | B23: 242000-25-1 | C23: 242000-25-1 (02) / AC GENERATION | D23: 1 | E23: 1 | F23: 0 | G23: 0 | H23: Not Started | I23: 53-31 | J23: JOB-SETUP, OPS/LK, JOB-CLOSEUP
A24: 170 | B24: 25-21-00-00-SVA | C24: 25-21-00-00-SVA (01) / B/C SEAT DEEP INSP | D24: 1 | E24: 2.33 | F24: 7.5 | G24: 866 | H24: Idle | I24: 25-10
A25: 171 | B25: 25-21-01-00-SVA | C25: 25-21-01-00-SVA (01) / G/C SEAT DEEP INSP | D25: 1 | E25: 1.5 | F25: 6 | G25: 866.1 | H25: Idle | I25: 25-10
A26: 173 | B26: 25-26-00-08-0-SVA | C26: 25-26-00-08-0-SVA (05) / PASSNGER COMPT CURTAINS REPLACEMENT | D26: 1 | E26: 4 | F26: 0 | G26: 0 | H26: Not Started | I26: 25-26 | J26: TC/P
A27: 174 | B27: 25-28-00-03-0-SVA-001 | C27: 25-28-00-03-0-SVA-001 (07) / HZ-ASA TO ASG AISLE CARPETS R/R | D27: 1 | E27: 4 | F27: 0 | G27: 0 | H27: Not Started | I27: 25-28 | J27: PRE INSP
A28: 175 | B28: 25-30-00-03-0-SVA | C28: 25-30-00-03-0-SVA (02) / GALLEY CTL PANELS ELECTRICAL INSP | D28: 1 | E28: 2 | F28: 0 | G28: 0 | H28: Not Started | I28: 25-30 | J28: PRE HGR
A29: 176 | B29: 25-30-00-13-0-SVA | C29: 25-30-00-13-0-SVA (02) / GALLY & WATER AUTO DRAIN VALVES OPC | D29: 1 | E29: 0.5 | F29: 0 | G29: 0 | H29: Not Started | I29: 25-30 | J29: PRE INSP
A30: 177 | B30: 25-32-00-00-SVA | C30: 25-32-00-00-SVA (01) / GALLEY CHECK | D30: 1 | E30: 0.5 | F30: 66 | G30: 917.9 | H30: Idle | I30: 25-10
A31: 190 | B31: 262200-02-1 | C31: 262200-02-1 (4) / APU AUTO FIRE EXTINGUISHING OPS | D31: 1 | E31: 0.22 | F31: 0 | G31: 0 | H31: Not Started | I31: 26-22 | J31: OPS/LK
A32: 199 | B32: 281100-05-1 | C32: 281100-05-1 (1) / GENERAL VISUAL INSPECTION OF FUEL TANKS FOR MINOR EXTERNAL LEAKS | D32: 1 | E32: 0.65 | F32: 0 | G32: 0 | H32: Not Started | I32: 28-11 | J32: JOB-SETUP, INSPECTION, JOB-CLOSEUP
A33: 200 | B33: 281100-06-1 | C33: 281100-06-1 (3) / OPERATIONAL CHECK OF WATER DRAIN VALVES | D33: 1 | E33: 0.65 | F33: 0 | G33: 0 | H33: Not Started | I33: 53-11 | J33: JOB-SETUP, OPS/LK
A34: 201 | B34: 282800-01-1 | C34: 282800-01-1 (04) / ACT LEAK MONITOR OPERATIONAL CHECK | D34: 1 | E34: 1.1 | F34: 0 | G34: 0 | H34: Not Started | I34: 28-28 | J34: OPS/LK, OPS/LK
A35: 202 | B35: 282800-03-1 | C35: 282800-03-1 (03) / ACT WATER DRAIN VALVES OPS CHK | D35: 1 | E35: 0.43 | F35: 0 | G35: 0 | H35: Not Started | I35: 12-32 | J35: TC/P, TC/P
A36: 222 | B36: 52-32-00-01-0-SVA | C36: 52-32-00-01-0-SVA (01) / AFT CARGO COMPARTMENT DOOR PROXIMITY SWITCH AND TARGET CLEANING | D36: 1 | E36: 0.67 | F36: 17.5 | G36: 378 | H36: Idle | I36: 52-71-00 | J36: CLEAN-UP, TC/P, TC/P, --, JOB-CLOSEUP
A37: 225 | B37: 533154-06-1-A | C37: 533154-06-1-A (03) / MLG HINGE FITTING KEEL BEAM INSP | D37: 1 | E37: 5 | F37: 25.9 | G37: 903.2 | H37: Idle | I37: 53-31 | J37: JOB-SETUP, JOB-SETUP, --, --, --, --, INSPECTION, --, INSPECTION, --, --, --
A38: 226 | B38: 31675402 | C38: EOD-320-53-00042-R00/FUSELAGE - CENTER FUSELAGE - INSPECT MLG DOOR HINGE FITTING ON KEEL BE | D38: ACHK | E38: 30.3 | F38: 66.7 | G38: 147.5 | H38: Idle | I38: 53
A39: 228 | B39: 72-00-00-01-0-SVA-001 | C39: 72-00-00-01-0-SVA-001 (01) / NO. 1 ENGINE COMPRESSOR WASH | D39: 1 | E39: 13 | F39: 0 | G39: 0 | H39: Not Started | I39: 72-00 | J39: JOB-SETUP, CLEAN-UP, TC/P, TC/P, TC/P, TC/P, TC/P, TC/P, TC/P, TC/P, JOB-CLOSEUP
A40: 229 | B40: 72-00-00-01-0-SVA-002 | C40: 72-00-00-01-0-SVA-002 (01) / NO. 2 ENGINE COMPRESSOR WASH | D40: 1 | E40: 13 | F40: 0 | G40: 0 | H40: Not Started | I40: 72-00 | J40: JOB-SETUP, CLEAN-UP, TC/P, TC/P, TC/P, TC/P, TC/P, TC/P, TC/P, TC/P, JOB-CLOSEUP
A41: 233 | B41: 31574335 | C41: C_N (C_N02)/C-CHECK | D41: N | E41: 0 | F41: 0 | G41: 0 | H41: Not Started | I41: 20-00
A42: 234 | B42: 05-00-00-05-SVA | C42: 05-00-00-05-SVA (03) / FINAL PRODUCT QUALITY INSPECTION | D42: 1 | E42: 1 | F42: 0 | G42: 0 | H42: Not Started | I42: 05-00 | J42: ACFT RELEASE, ACFT RELEASE
A43: 235 | B43: 08-10-00-01-0-A | C43: 08-10-00-01-0-A (02) / WIGHT & BALANCE | D43: 1 | E43: 65 | F43: 0 | G43: 0 | H43: Not Started | I43: 08-10 | J43: WT&BAL
A44: 248 | B44: 213100-04-1 | C44: 213100-04-1 (3) / PRESSURE CONTROL AND MONITORING OPC | D44: 1 | E44: 0.1 | F44: 0 | G44: 0 | H44: Not Started | I44: 21-31 | J44: JOB-SETUP, OPS/LK, JOB-CLOSEUP
A45: 276 | B45: 25-28-00-04-0-SVA-001 | C45: 25-28-00-04-0-SVA-001 (03) / A320(HZ-ASA TO ASG) CARPETS&MATS R/R | D45: 1 | E45: 48 | F45: 169.5 | G45: 486.9 | H45: Idle | I45: 25-28 | J45: TC/P, TC/P, TC/P, TC/P
A46: 280 | B46: 25-SVA-03 | C46: 25-SVA-03 (01) / B/C SEAT REFRESH | D46: 1 | E46: 5.17 | F46: 12.5 | G46: 858.6 | H46: Idle | I46: 25
A47: 281 | B47: 25-SVA-04 | C47: 25-SVA-04 (01) / B/C SEAT DEEP REFRESH | D47: 1 | E47: 3 | F47: 9 | G47: 834.5 | H47: Idle | I47: 25
A48: 282 | B48: 25-SVA-05 | C48: 25-SVA-05 (01) / G/C SEAT REFRESH | D48: 1 | E48: 1.83 | F48: 89.5 | G48: 872.6 | H48: Idle | I48: 25
A49: 289 | B49: 252100-01-1 | C49: 252100-01-1 (4) / PAX SEAT ATTACH TO FLOOR&STRUC INSP | D49: 1 | E49: 2 | F49: 19.5 | G49: 862.2 | H49: Idle | I49: 25-21 | J49: JOB-SETUP, INSPECTION, JOB-CLOSEUP
A50: 290 | B50: 2521000103-001 | C50: 2521000103-001 (05) / PASS COMPARTMENT SEAT BELTS CLEANING B/C | D50: 1 | E50: 0 | F50: 28 | G50: 867.8 | H50: Idle | I50: 25-21 | J50: TC/P, TC/P
A51: 292 | B51: 252200-01-1 | C51: 252200-01-1 (4) / CABIN ATTED SEAT ATTACHMENTS INSP | D51: 1 | E51: 0.25 | F51: 7.92 | G51: 195.8 | H51: Idle | I51: 25-22 | J51: --, PRE INSP, --
A52: 296 | B52: 255000-10-1 | C52: 255000-10-1 (3) / LOWER DECK CARGO LOADING | D52: 1 | E52: 1.2 | F52: 20.08 | G52: 738.1 | H52: Idle | I52: 25-50 | J52: TC/P, TC/P, TC/P, TC/P, TC/P, TC/P, TC/P
A53: 305 | B53: 262100-05-1 | C53: 262100-05-1 (6) / ENG FIRE EXTINGUISHING FIRE CTL OPC | D53: 1 | E53: 1.1 | F53: 0 | G53: 0 | H53: Idle | I53: 26-21 | J53: OPS/LK
A54: 316 | B54: 271400-03-1-001 | C54: 271400-03-1-001 (03) / L/H AILERON SERVO CONTROL FLUID CHK | D54: 1 | E54: 0.65 | F54: 26.5 | G54: 845 | H54: Idle | I54: 27-14 | J54: PRE HGR, PRE HGR, PRE HGR
A55: 317 | B55: 271400-03-1-002 | C55: 271400-03-1-002 (03) / R/H AILERON SERVO CONTROL FLUID CHK | D55: 1 | E55: 0.65 | F55: 16 | G55: 845.2 | H55: Idle | I55: 27-14 | J55: PRE HGR, PRE HGR, PRE HGR
A56: 318 | B56: 272100-02-1 | C56: 272100-02-1 (03) / RUDDER CONTROL CABLES INSP | D56: 1 | E56: 38 | F56: 104.8 | G56: 557.5 | H56: Idle | I56: 27-21 | J56: TC/P, TC/P, INSPECTION, INSPECTION, INSPECTION, INSPECTION, INSPECTION, INSPECTION, INSPECTION
A57: 330 | B57: 274400-03-1 | C57: 274400-03-1 (3) / THS ACTUATOR NO-BACK DEVICE OPC | D57: 1 | E57: 0.65 | F57: 0 | G57: 0 | H57: Not Started | I57: 27-44 | J57: OPS/LK, OPS/LK
A58: 353 | B58: 278100-03-1 | C58: 278100-03-1 (3) / SLAT SYSTEM WING TIP BRAKE OPC | D58: 1 | E58: 0.43 | F58: 0 | G58: 0 | H58: Not Started | I58: 27-81 | J58: JOB-SETUP, OPS/LK, JOB-CLOSEUP
A59: 356 | B59: 278400-01-1-001 | C59: 278400-01-1-001 (02) / L/H WING SLAT TRACK INSPECTION | D59: 1 | E59: 1.4 | F59: 8.02 | G59: 786.6 | H59: Idle | I59: 27-84 | J59: JOB-SETUP, CLEAN-UP, INSPECTION, JOB-CLOSEUP
A60: 357 | B60: 278400-01-1-002 | C60: 278400-01-1-002 (02) / R/H WING SLAT TRACK INSPECTION | D60: 1 | E60: 1.4 | F60: 1.33 | G60: 787.8 | H60: Idle | I60: 27-84 | J60: JOB-SETUP, CLEAN-UP, INSPECTION, JOB-CLOSEUP
... A67: 428 | B67: 352142-01-1-SVA | C67: 352142-01-1-SVA (01) / VALIDITY CHECK OF CHEMICAL OXYGEN GENERATORS | D67: 1 | E67: 2.42 | F67: 48.5 | G67: 893.9 | H67: Idle | I67: 35-21 | J67: JOB-SETUP, --, --, JOB-CLOSEUP, --
A68: 433 | B68: 361100-SVA-01 | C68: 361100-SVA-01 (01) / ENGINE BLEED AIR SUPPLY SYSTEM - HEALTH CHECK TEST OF TEMPERATURE CONT | D68: 1 | E68: 2.83 | F68: 44 | G68: 622.3 | H68: Idle | I68: 36 | J68: JOB-SETUP, OPS/LK, OPS/LK, --, --, --, --, JOB-CLOSEUP, JOB-CLOSEUP, JOB-CLOSEUP
A69: 438 | B69: 361251-01-3 | C69: 361251-01-3 (03) / APU BLEED CHECK VALVE INSP | D69: 1 | E69: 0.42 | F69: 37.8 | G69: 807.6 | H69: Idle | I69: 36-12 | J69: JOB-SETUP, JOB-SETUP, INSPECTION, INSPECTION, INSPECTION, OPS/LK, JOB-CLOSEUP
A70: 440 | B70: 384142-01-1 | C70: 384142-01-1 (3) / AIR FILTER CARTRIDGE REPLACEMENT | D70: 1 | E70: 0.2 | F70: 37.5 | G70: 222.7 | H70: Idle | I70: 38-41 | J70: JOB-SETUP, CLEAN-UP, TC/P, OPS/LK, OPS/LK, JOB-CLOSEUP
A71: 447 | B71: 521000-02-1 | C71: 521000-02-1 (3) / PASSENGER/CREW DOOR SUSPENSION CHK | D71: 1 | E71: 0 | F71: 72 | G71: 697.9 | H71: Idle | I71: 52-10 | J71: JOB-SETUP, JOB-SETUP, INSPECTION, OPS/LK, OPS/LK, JOB-CLOSEUP, JOB-CLOSEUP, JOB-CLOSEUP, JOB-CLOSEUP
A72: 451 | B72: 521000-04-1-002 | C72: 521000-04-1-002 (03) / R/H FWD PAX/CREW DOOR INTEGRITY CHK | D72: 1 | E72: 0.53 | F72: 33.8 | G72: 664.9 | H72: Idle | I72: 52-10 | J72: JOB-SETUP, INSPECTION, INSPECTION, JOB-CLOSEUP, JOB-CLOSEUP, JOB-CLOSEUP, JOB-CLOSEUP, INSPECTION, JOB-CLOSEUP
A73: 457 | B73: 521000-07-1-001 | C73: 521000-07-1-001 (4) / FWRD L/H&R/H PASS/CREW DOR AJAST CK | D73: 1 | E73: 0.43 | F73: 7.5 | G73: 745.6 | H73: Idle | I73: 52-10 | J73: OPS/LK, OPS/LK, OPS/LK, JOB-CLOSEUP, JOB-CLOSEUP, JOB-CLOSEUP
A74: 462 | B74: 521000-11-1 | C74: 521000-11-1 (6) / PASS/CREW DOORS STRIKERS MECHNSM OP | D74: 1 | E74: 0 | F74: 72.5 | G74: 650 | H74: Idle | I74: 52-10 | J74: OPS/LK, OPS/LK, OPS/LK, OPS/LK, OPS/LK, OPS/LK, OPS/LK, OPS/LK, OPS/LK, OPS/LK
A75: 466 | B75: 522100-01-1 | C75: 522100-01-1 (02) / PAX EMER EXIT OPENING FROM INSIDE | D75: 1 | E75: 1.02 | F75: 3.2 | G75: 147.2 | H75: Idle | I75: 52-21 | J75: JOB-SETUP, OPS/LK, JOB-CLOSEUP
A76: 467 | B76: 522100-02-5 | C76: 522100-02-5 (04) / PASSENGER COMP EMERGENCY EXIT FNC | D76: 1 | E76: 0.77 | F76: 7.4 | G76: 147.7 | H76: Idle | I76: 52-21 | J76: JOB-SETUP, OPS/LK, OPS/LK, JOB-CLOSEUP, JOB-CLOSEUP
A77: 468 | B77: 522100-07-5 | C77: 522100-07-5 (03) / EMERGENCY EXIT HATCH OPERATION | D77: 1 | E77: 1.02 | F77: 35.2 | G77: 248.2 | H77: Idle | I77: 52-21 | J77: JOB-SETUP, OPS/LK, OPS/LK, JOB-CLOSEUP
A78: 470 | B78: 523100-01-1 | C78: 523100-01-1 (3) / FORWARD CARGO COMPARTMENT DOOR FNC | D78: 1 | E78: 0.43 | F78: 0 | G78: 0 | H78: Not Started | I78: 52-31 | J78: JOB-SETUP, OPS/LK, JOB-CLOSEUP, JOB-CLOSEUP
A79: 471 | B79: 523200-01-1 | C79: 523200-01-1 (3) / AFT CARGO COMPARTMENT DOOR FNC | D79: 1 | E79: 0.43 | F79: 0 | G79: 0 | H79: Not Started | I79: 52-32 | J79: JOB-SETUP, OPS/LK, JOB-CLOSEUP, JOB-CLOSEUP
A80: 501 | B80: 545000-05-1-001 | C80: 545000-05-1-001 (01) / L/H PYLON FIRE SEALS INSP | D80: 1 | E80: 1.6 | F80: 4.5 | G80: 858.5 | H80: Idle | I80: 05-21 | J80: JOB-SETUP, CLEAN-UP, INSPECTION, JOB-CLOSEUP
... A87: 538 | B87: 712213-01-1-002 | C87: 712213-01-1-002 (02) / NO. 2 ENGINE AFT MOUNT PINS INSP | D87: 1 | E87: 0.43 | F87: 53.5 | G87: 713.9 | H87: Idle | I87: 71-22 | J87: JOB-SETUP, INSPECTION, INSPECTION, INSPECTION, INSPECTION, INSPECTION, INSPECTION, JOB-CLOSEUP
A88: 541 | B88: 72-00-00-27-0-SVA-001 | C88: 72-00-00-27-0-SVA-001 (01) / DEPERSERVATION OF ENG# 1 POST C-CHK | D88: 1 | E88: 2 | F88: 0 | G88: 0 | H88: Not Started | I88: 72 | J88: OPS/LK
A89: 542 | B89: 72-00-00-27-0-SVA-002 | C89: 72-00-00-27-0-SVA-002 (01) / DEPERSERVATION OF ENG# 2 POST C-CHK | D89: 1 | E89: 2 | F89: 0 | G89: 0 | H89: Not Started | I89: 72 | J89: OPS/LK
A90: 551 | B90: 783200-01-1-001 | C90: 783200-01-1-001 (04) / NO. 1 ENG “C” DUCT HINGE FITTINGS INSP | D90: 1 | E90: 0.75 | F90: 16 | G90: 762.5 | H90: Idle | I90: 78-32 | J90: JOB-SETUP, INSPECTION, JOB-CLOSEUP, JOB-CLOSEUP, JOB-CLOSEUP
A91: 553 | B91: 783209-01-1 | C91: 783209-01-1 (02) / DETAILED INSPECTION OF THRUST REVERSER V-GROOVE ADAPTER RING. | D91: 1 | E91: 1 | F91: 1.25 | G91: 859.4 | H91: Idle | I91: 78-32
A92: 584 | B92: 282200-04-1 | C92: 282200-04-1 (1) / APU FUEL PUMP SYSTEM AND FUEL FEED LINE | D92: 1 | E92: 2.53 | F92: 0 | G92: 0 | H92: Not Started | I92: 28-22 | J92: JOB-SETUP, INSPECTION, JOB-CLOSEUP
A93: 585 | B93: 282400-01-1-001 | C93: 282400-01-1-001 (05) / NO. 1 ENG LOW PRESS SHUT OFF VALVE OPC | D93: 1 | E93: 0.5 | F93: 0 | G93: 0 | H93: Not Started | I93: 28-24 | J93: PRE HGR, PRE HGR, PRE HGR, OPS/LK, JOB-CLOSEUP
A94: 586 | B94: 282400-01-1-002 | C94: 282400-01-1-002 (06) / NO.2 ENG LOW PRESS SHUT OFF VALVE OPC | D94: 1 | E94: 0.65 | F94: 0 | G94: 0 | H94: Not Started | I94: 28-24 | J94: PRE HGR, PRE HGR, PRE HGR, PRE HGR, OPS/LK, JOB-CLOSEUP
A95: 591 | B95: 38-10-00-SVA | C95: 38-10-00-SVA (01) / DECALCIFICATION OF THE POTABLE WATER TANK AND DISTRIBUTION SYSTEM | D95: 1 | E95: 10 | F95: 0 | G95: 0 | H95: Not Started | I95: 38-10 | J95: JOB-SETUP, --, JOB-CLOSEUP
A96: 603 | B96: 05-00-00-01-0-A | C96: 05-00-00-01-0-A (04) / AIRCRAFT C&D CHECKS DATA REVIEW | D96: 1 | E96: 1 | F96: 0 | G96: 0 | H96: Not Started | I96: 05-11 | J96: TC/P
A97: 604 | B97: 12-21-11-01-0-SVA | C97: 12-21-11-01-0-SVA (03) / AIRCRAFT EXTERIOR APPEARANCE WASH | D97: 1 | E97: 9.75 | F97: 12 | G97: 950.9 | H97: Idle | I97: 12-21 | J97: JOB-SETUP, JOB-SETUP, JOB-SETUP, CLEAN-UP, TC/P, TC/P, TC/P, TC/P, TC/P, JOB-CLOSEUP
A98: 610 | B98: 521104-01-1 | C98: 521104-01-1 (02) / FWD PAX DOOR INTERNAL STRUCTURE INSP | D98: 1 | E98: 1.18 | F98: 50.2 | G98: 741.9 | H98: Idle | I98: 25-62 | J98: JOB-SETUP, JOB-SETUP, JOB-SETUP, CLEAN-UP, INSPECTION, INSPECTION, INSPECTION, INSPECTION, JOB-CLOSEUP, JOB-CLOSEUP
A99: 612 | B99: 522102-01-1 | C99: 522102-01-1 (04) / EMERGENCY EXITS STRUCTURE INSPECTION | D99: 1 | E99: 3.5 | F99: 9.83 | G99: 546.4 | H99: Idle | I99: 52-21 | J99: JOB-SETUP, CLEAN-UP, INSPECTION, INSPECTION, INSPECTION, INSPECTION, JOB-CLOSEUP
A100: 613 | B100: 523103-01-1 | C100: 523103-01-1 (02) / FWD CGO DOOR INTERNAL STRUCTURE INSP | D100: 1 | E100: 1.62 | F100: 11.02 | G100: 794.7 | H100: Idle | I100: 52-31 | J100: JOB-SETUP, CLEAN-UP, INSPECTION, INSPECTION, INSPECTION, JOB-CLOSEUP
A101: 615 | B101: 523113-01-1 | C101: 523113-01-1 (02) / AFT CGO DOOR INTERNAL STRUCTURE INSP | D101: 1 | E101: 1.28 | F101: 13 | G101: 794.9 | H101: Idle | I101: 52-32 | J101: JOB-SETUP, CLEAN-UP, INSPECTION, JOB-CLOSEUP, JOB-CLOSEUP, JOB-CLOSEUP
A102: 619 | B102: 532130-09-1 | C102: 532130-09-1 (02) / ANTI-CRASH ROD JUNCTION | D102: 1 | E102: 2.8 | F102: 0 | G102: 0 | H102: Not Started | I102: 53-31 | J102: JOB-SETUP, CLEAN-UP, INSPECTION, INSPECTION, JOB-CLOSEUP, JOB-CLOSEUP
A103: 620 | B103: 532130-29-1 | C103: 532130-29-1 (01) / ANTI-CRASH ROD JUNCTION | D103: 1 | E103: 1.4 | F103: 81.9 | G103: 547.8 | H103: Idle | I103: 53-21 | J103: JOB-SETUP, JOB-SETUP, JOB-SETUP, JOB-SETUP, INSPECTION, JOB-CLOSEUP, JOB-CLOSEUP, JOB-CLOSEUP, JOB-CLOSEUP, JOB-CLOSEUP
... A118: 667 | B118: 572140-01-2-002 | C118: 572140-01-2-002 (03) / RH OUTER WNG BOTTOM SKN CUTOUTS INSP | D118: 1 | E118: 0.5 | F118: 5.5 | G118: 698.6 | H118: Idle | I118: 57-21 | J118: JOB-SETUP, CLEAN-UP, INSPECTION, JOB-CLOSEUP, JOB-CLOSEUP
A119: 707 | B119: 29904504 | C119: EOD-320-21-00004-R00/A320 - AIR CONDITIONING -AVIONICS EQUIPMENT VENTILATION - INTRODUCE A | D119: C | E119: 16 | F119: 81.8 | G119: 535.8 | H119: Idle | I119: 21
A120: 709 | B120: 20893203 | C120: EOD-320-25-00032-R00/AD-SPECIAL DETAILED INSPECTION OF THE RACK 80VU (CEO) | D120: PJED | E120: 9.17 | F120: 2.75 | G120: 219.6 | H120: Idle | I120: 25
A121: 710 | B121: 29715410 | C121: EOD-320-25-00050-R00/AD-EQUIPMENT/FURNISHINGS - LININGS AND FURNISHINGS/FORWARD CARGO | D121: CCHK | E121: 6.25 | F121: 88.8 | G121: 551 | H121: Idle | I121: 25
A122: 712 | B122: 29411293 | C122: EOD-320-27-00018-R00/A320 - FLIGHT CONTROLS - LIFT AUGMENTING - INTRODUCE IMPROVED SLAT GEA | D122: CCHK | E122: 8.75 | F122: 52.2 | G122: 462.5 | H122: Idle | I122: 27 | J122: --, --, --, --, --, CLOSE-UP
A123: 713 | B123: 29411377 | C123: EOD-320-27-00019-R00/A320 - FLIGHT CONTROLS - LIFT AUGMENTING - INTRODUCE IMPROVED SLAT GEA | D123: CCHK | E123: 8.75 | F123: 92.8 | G123: 489.9 | H123: Idle | I123: 27 | J123: --, --, --, --, --, CLOSE-UP
A124: 715 | B124: 30839449 | C124: EOD-320-29-00007-R00/HYDRAULIC POWER - PYLON - REPLACE BUSHING ON HP LINE ON SVA CFM PYLON | D124: C | E124: 48.5 | F124: 75.4 | G124: 714.5 | H124: Idle | I124: 29 | J124: --, JOB-SETUP, JOB-SETUP, JOB-SETUP, --, --, --, --, --, --, --, JOB-CLOSEUP, JOB-CLOSEUP, JOB-CLOSEUP, JOB-CLOSEUP, CLOSE-UP, CLOSE-UP
A125: 725 | B125: 31990073 | C125: EOD-320-32-00025-R00/A32S - LANDING GEAR – NLG - INTRODUCE A NEW IMPROVED | D125: LINE | E125: 54 | F125: 254.7 | G125: 815.9 | H125: Idle | I125: 32
A126: 726 | B126: 27685448 | C126: EOD-320-36-00008-R00/A320 -PNEUMATIC - INSTALL DISCRETE SIGNAL WIRING BETWEEN BMC AND PACKS | D126: CCHK | E126: 16.25 | F126: 100 | G126: 699.1 | H126: Idle | I126: 36
A127: 727 | B127: 30817926 | C127: EOD-320-44-00014-R00/ECLIPSE CONNECTIVITY MODIFICATION | D127: 1 | E127: 471 | F127: 171.4 | G127: 703.9 | H127: Idle | I127: 44
A128: 728 | B128: 31328631 | C128: EOD-320-44-00028-R00/DE-MOD TAQNIA SYSTEM REMOVAL | D128: PJED | E128: 170 | F128: 0 | G128: 0 | H128: Idle | I128: 44
A129: 735 | B129: 15777417 | C129: EOD-320-53-00008-R00/AD-INSPECTION OF HORIZONTAL UPPER STIFFENER OF LATERAL WINDOW FRAME | D129: PJED | E129: 1.5 | F129: 4.42 | G129: 556.7 | H129: Idle | I129: 53
A130: 736 | B130: 15777631 | C130: EOD-320-53-00009-R00/AD-INSPECTION OF HORIZONTAL UPPER STIFFENER OF LATERAL WINDOW FRAME | D130: PJED | E130: 3 | F130: 1.75 | G130: 555.9 | H130: Idle | I130: 53
A131: 737 | B131: 16152729 | C131: EOD-320-53-00014-R00/AD-INSPECTION OF VERTICAL STIFFENER OF LATERAL | D131: C | E131: 8.33 | F131: 3.67 | G131: 555.2 | H131: Idle | I131: 53
...
