Workbook

Sheet ASF Tracker
A1: POOL CABIN ✈ HZ-ASF ✈ C7-CHECK WORK PACKAGE TRACKER | E1: ="Day "&TEXT(MAX(1,MIN(TODAY()-DATE(2026,6,8)+1,36)),"0")&"/36" -> Day 24/36 | G1: ="✅ "&COUNTIFS(B4:B1002,"<>",E4:E1002,"Closed")&" / "&COUNTIF(B4:B1002,"<>")&" Closed ("&TEXT(IFERROR(COUNTIFS(B4:B1002,"<>",E4:E1002,"Closed")/COUNTIF(B4:B1002,"<>"),0),"0%")&")" -> ✅ 192 / 376 Closed (51%)
A2: UPDATED: 30 MAY -- DAY SHIFT | G2: ="AOG/Critical: "&COUNTIFS(B4:B1002,"<>",F4:F1002,"AOG")+COUNTIFS(B4:B1002,"<>",F4:F1002,"Critical") -> AOG/Critical: 4
A3: Seq. No. | B3: WO / Event Number | C3: Task Description | D3: Category | E3: Status | F3: Priority | G3: Specialty | H3: PARTS REQ. | I3: Remarks | J3: Time EVAL? | K3: AREA
A4: 1 | B4: 31956294 | C4: C_N (C_N07)/C-CHECK | D4: TASK CARD | E4: Open | F4: Normal | G4: AP | J4: N/A | K4: N/A
A5: 2 | B5: 05-00-00-05-SVA | C5: 05-00-00-05-SVA (03) / FINAL PRODUCT QUALITY INSPECTION | D5: TASK CARD | E5: Open | F5: Normal | G5: INSP | J5: N/A | K5: N/A
A6: 3 | B6: 08-10-00-01-0-A | C6: 08-10-00-01-0-A (01) / WIGHT & BALANCE | D6: TASK CARD | E6: Open | F6: Normal | G6: AP | J6: N/A | K6: N/A
A7: 24 | B7: 25-11-00-03-0-SVA-001 | C7: 25-11-00-03-0-SVA-001 (02) / THIRD OCCUPANT SEAT BOTTOM CUSHION REPLACMENT | D7: TASK CARD | E7: Open | F7: Normal | G7: CAB | H7: Requested | I7: AFTER COCKPIT CLOSE UP | J7: N/A | K7: FWD
A8: 25 | B8: 25-11-00-08-0-SVA | C8: 25-11-00-08-0-SVA (02) / CAPTAIN AND F/O SEATS BOTTOM REPLACMENT | D8: TASK CARD | E8: Open | F8: Normal | G8: CAB | H8: Requested | I8: AFTER COCKPIT CLOSE UP | J8: N/A | K8: FWD
A9: 26 | B9: 25-11-00-09-0-SVA | C9: 25-11-00-09-0-SVA (03) / CAPTAIN & F/O SEATS COVERS REPLACMENT | D9: TASK CARD | E9: Open | F9: Normal | G9: CAB | H9: Requested | I9: AFTER COCKPIT CLOSE UP | J9: N/A | K9: FWD
A10: 27 | B10: 25-11-00-17-0-SVA-002 | C10: 25-11-00-17-0-SVA-002 (02) / FOURTH OCCUPANT SEAT BOTTOM CUSHION REPLACMENT | D10: TASK CARD | E10: Open | F10: Normal | G10: CAB | H10: Requested | I10: AFTER COCKPIT CLOSE UP | J10: N/A | K10: FWD
A11: 28 | B11: 25-28-00-04-0-SVA-001 | C11: 25-28-00-04-0-SVA-001 (03) / A320(HZ-ASA TO ASG) CARPETS&MATS R/R | D11: TASK CARD | E11: Open | F11: Normal | G11: CAB | H11: Requested | I11: P/S 4467509 | J11: N/A | K11: JOINT
A12: 29 | B12: 25-28-00-04-0-SVA-002 | C12: 25-28-00-04-0-SVA-002 (03) / COCKPIT COMPARTMENT CARPETS REPLCMNT | D12: TASK CARD | E12: Open | F12: Normal | G12: CAB | H12: Requested | I12: P/S 4467511 | J12: N/A | K12: FWD
A13: 30 | B13: 25-SVA-01 | C13: 25-SVA-01 (00) / COCKPIT CHECK | D13: TASK CARD | E13: Open | F13: Normal | G13: CAB | J13: N/A | K13: FWD
A14: 31 | B14: 25-SVA-02 | C14: 25-SVA-02 (00) / GENERAL CABIN ITEMS C-CHK | D14: TASK CARD | E14: Closed | F14: Normal | G14: CAB | J14: N/A | K14: JOINT
A15: 32 | B15: 25-SVA-05 | C15: 25-SVA-05 (00) / G/C SEAT REFRESH | D15: TASK CARD | E15: Open | F15: Normal | G15: SEAT | J15: N/A
A16: 33 | B16: 25-SVA-06 | C16: 25-SVA-06 (00) / GALLEY REFRESH | D16: TASK CARD | E16: Closed | F16: Normal | G16: CAB | J16: N/A | K16: JOINT
A17: 34 | B17: 25-SVA-07 | C17: 25-SVA-07 (00) / LAV REFRESH | D17: TASK CARD | E17: Closed | F17: Normal | G17: CAB | J17: N/A | K17: JOINT
A18: 39 | B18: 254000-04-2 | C18: 254000-04-2 (03) / LAVATORIES FLOOR PANELS INSPECTION | D18: TASK CARD | E18: Closed | F18: Normal | G18: JOINT | J18: N/A
A19: 42 | B19: 256652-01-1-SVA | C19: 256652-01-1-SVA (01) / LIFE VEST RESTORATION PERIODIC CHECK FOR EXPIRATION | D19: TASK CARD | E19: Open | F19: Normal | G19: JOINT | I19: F/A seat to be installed | J19: N/A
A20: 47 | B20: 262541-04-1 | C20: 262541-04-1 (02) / LAVATORY FIRE EXTG PRESS READING CHK | D20: TASK CARD | E20: Closed | F20: Normal | G20: JOINT | J20: N/A
A21: 112 | B21: 351000-01-1 | C21: 351000-01-1 (02) / FULL FACE/QUICK OXYGEN MASKS OPC | D21: TASK CARD | E21: Closed | F21: Normal | G21: JOINT | J21: N/A
A22: 113 | B22: 351241-01-1 | C22: 351241-01-1 (02) / CREW OXYGEN MASKS INSPECTION | D22: TASK CARD | E22: Closed | F22: Normal | G22: JOINT | J22: N/A
A23: 114 | B23: 352142-01-1-SVA | C23: 352142-01-1-SVA (01) / VALIDITY CHECK OF CHEMICAL OXYGEN GENERATORS | D23: TASK CARD | E23: Open | F23: Normal | G23: JOINT | I23: AFTER OXY CLOSE UP | J23: N/A
A24: 115 | B24: 353000-06-1-SVA | C24: 353000-06-1-SVA (03) / COCKPIT (PBE) INSPECTION | D24: TASK CARD | E24: Closed | F24: Normal | G24: JOINT | J24: N/A
A25: 116 | B25: 353000-07-1 | C25: 353000-07-1 (03) / PORTABLE OXYGEN MASKS INSPECTION | D25: TASK CARD | E25: Closed | F25: Normal | G25: JOINT | J25: N/A
A26: 123 | B26: 383100-07-1 | C26: 383100-07-1 (06) / VACUUM TOILET SYSTEM CLEANING | D26: TASK CARD | E26: Closed | F26: Normal | G26: AP | J26: N/A
A27: 127 | B27: 521000-01-SVA | C27: 521000-01-SVA (01) / FWD LH PASSENGER/CREW DOOR DAMPER AND EMERGENCY OPERATION CYLINDER DIAPHRAGM REPLACEMENT | D27: TASK CARD | E27: Closed | F27: Normal | G27: CAB | J27: N/A | K27: FWD
A28: 128 | B28: 521000-02-1 | C28: 521000-02-1 (02) / PASSENGER/CREW DOOR SUSPENSION CHK | D28: TASK CARD | E28: Closed | F28: Normal | G28: JOINT | J28: N/A | K28: JOINT
A29: 129 | B29: 521000-02-SVA | C29: 521000-02-SVA (01) / FWD RH PASSENGER/CREW DOOR DAMPER AND EMERGENCY OPERATION CYLINDER DIAPHRAGM REPLACEMENT | D29: TASK CARD | E29: Closed | F29: Normal | G29: CAB | J29: N/A | K29: FWD
A30: 130 | B30: 521000-03-SVA | C30: 521000-03-SVA (01) / AFT LH PASSENGER/CREW DOOR DAMPER AND EMERGENCY OPERATION CYLINDER DIAPHRAGM REPLACEMENT | D30: TASK CARD | E30: Closed | F30: Normal | G30: CAB | J30: N/A | K30: AFT
A31: 131 | B31: 521000-04-1-001 | C31: 521000-04-1-001 (02) / L/H FWD PAX/CREW DOOR INTEGRITY CHK | D31: TASK CARD | E31: Closed | F31: Normal | G31: JOINT | J31: N/A | K31: FWD
A32: 132 | B32: 521000-04-1-002 | C32: 521000-04-1-002 (02) / R/H FWD PAX/CREW DOOR INTEGRITY CHK | D32: TASK CARD | E32: Closed | F32: Normal | G32: JOINT | J32: N/A | K32: FWD
A33: 133 | B33: 521000-04-1-003 | C33: 521000-04-1-003 (02) / L/H AFT PAX/CREW DOOR INTEGRITY CHK | D33: TASK CARD | E33: Closed | F33: Normal | G33: JOINT | J33: N/A | K33: AFT
A34: 134 | B34: 521000-04-1-004 | C34: 521000-04-1-004 (02) / R/H AFT PAX/CREW DOOR INTEGRITY CHK | D34: TASK CARD | E34: Closed | F34: Normal | G34: JOINT | J34: N/A | K34: AFT
A35: 135 | B35: 521000-04-SVA | C35: 521000-04-SVA (01) / AFT RH PASSENGER/CREW DOOR DAMPER AND EMERGENCY OPERATION CYLINDER DIAPHRAGM REPLACEMENT | D35: TASK CARD | E35: Closed | F35: Normal | G35: CAB | J35: N/A | K35: AFT
A36: 136 | B36: 521121-02-1 | C36: 521121-02-1 (03) / PASSENGER/CREW DOORS LUBRICATION | D36: TASK CARD | E36: Closed | F36: Normal | G36: CAB | J36: N/A | K36: JOINT
A37: 139 | B37: 527100-01-1 | C37: 527100-01-1 (5) / DOOR WARNING SYSTEM OPERATIONAL TEST | D37: TASK CARD | E37: Open | F37: Normal | G37: AV | J37: N/A
A38: 140 | B38: 527300-01-1 | C38: 527300-01-1 (03) / EMERGENCY ESCAPE SLIDE WARNING SYS | D38: TASK CARD | E38: Closed | F38: Normal | G38: AV | J38: N/A
A39: 141 | B39: 531151-02-1 | C39: 531151-02-1 (00) / DETAILED INSPECTION OF DOOR STOP FITTINGS PROTRUDING PART NOT COVERED BY THE LINING ON FRAME 16 AND FRAME 20, LH/RH. | D39: TASK CARD | E39: Closed | F39: Normal | G39: JOINT | J39: N/A
A40: 162 | B40: 561200-02-1 | C40: 561200-02-1 (01) / COCKPIT SLIDING WINDOW LUBRICATION | D40: TASK CARD | E40: Closed | F40: Normal | G40: CAB | J40: N/A | K40: FWD
A41: 246 | B41: 352142-01-1 | C41: 352142-01-1 (6) / DISCARD CHEMICAL OXYGEN GENERATORS | D41: TASK CARD | E41: Open | F41: Normal | G41: CAB | I41: REQ DE-ASSIGN | J41: N/A | K41: JOINT
A42: 260 | B42: 30970373 | C42: EOD-320-25-00052-R00/PAD-THIRD OCCUPANT SEAT – 168 SERIES BOTTOM EQUIPPED SCREW REPLACEMENT | D42: TASK CARD | E42: Closed | F42: Normal | G42: CAB | J42: N/A | K42: FWD
A43: 265 | B43: 29500619 | C43: EOD-320-31-00005-R00/A320 - INDICATING/RECORDING SYSTEMS - SDAC - ACQUISITION/INTERFACE- MO | D43: TASK CARD | E43: Open | F43: Normal | G43: AV | J43: N/A
A44: 266 | B44: 30482093 | C44: EOD-320-31-00006-R00/ACTIVATE HIGHSPEED UPLOADING (ARINC 615A) - EIS2 | D44: TASK CARD | E44: Closed | F44: Normal | G44: AV | J44: N/A
A45: 267 | B45: 30481967 | C45: EOD-320-31-00007-R00/A320 –ELECTRONIC INSTRUMENT SYSTEM (EIS) - INTRODUCE EIS2 STANDARD S16 | D45: TASK CARD | E45: Closed | F45: Normal | G45: AV | J45: N/A
A46: 268 | B46: 29155528 | C46: EOD-320-31-00009-R00/INTRODUCE FDIMU H/W 2234320-02-02 FROM VENDOR TELEDYNE | D46: TASK CARD | E46: Closed | F46: Normal | G46: AV | J46: N/A
A47: 269 | B47: 29155626 | C47: EOD-320-31-00010-R00/FDIMU - TELEDYNE DMU SOFTWARE CAPABLE FOMAX | D47: TASK CARD | E47: Closed | F47: Normal | G47: AV | J47: N/A
A48: 270 | B48: 29155751 | C48: EOD-320-31-00011-R00/FDIMU - TELEDYNE ETHERNET AND ADC ACTIVATION FOR FOMAX | D48: TASK CARD | E48: Closed | F48: Normal | G48: AV | J48: N/A
A49: 271 | B49: 29155866 | C49: EOD-320-31-00012-R00/FDIMU - INSTALL NEW ADC DMU SW FOR FOMAX | D49: TASK CARD | E49: Closed | F49: Normal | G49: AV | J49: N/A
A50: 274 | B50: 30817928 | C50: EOD-320-44-00014-R00/ECLIPSE CONNECTIVITY MODIFICATION | D50: TASK CARD | E50: Open | F50: Normal | G50: AV | J50: N/A
A51: 275 | B51: 30695782 | C51: EOD-320-44-00028-R00/DE-MOD TAQNIA SYSTEM REMOVAL | D51: TASK CARD | E51: Open | F51: Normal | G51: AV | J51: N/A
A52: 276 | B52: 29155917 | C52: EOD-320-46-00004-R00/INSTALL FOMAX SYSTEM PROVISIONS | D52: TASK CARD | E52: Open | F52: Normal | G52: AV | J52: N/A
A53: 277 | B53: 29156041 | C53: EOD-320-46-00005-R00/INSTALL INTERNAL GATELINK ANTENNA FOR FOMAX | D53: TASK CARD | E53: Open | F53: Normal | G53: AV | J53: N/A
A54: 278 | B54: 29156135 | C54: EOD-320-46-00006-R00/INSTALL COCKPIT WIFI ANTENNA FOR FOMAX | D54: TASK CARD | E54: Open | F54: Normal | G54: AV | J54: N/A
... A57: 281 | B57: 29156251 | C57: EOD-320-46-00009-R00/ACTIVATE FOMAX OPTION 1 | D57: TASK CARD | E57: Open | F57: Normal | G57: AV | J57: N/A
A58: 287 | B58: 15969129 | C58: EOD-A32S-53-00003-R03/INSPECTION OF THE SIDE BOX BEAM FLANGE AT LHS/RHS IN FR43 AREA. | D58: TASK CARD | E58: Open | F58: Normal | G58: AP | I58: REQ SEATS AND FLOOR PANELS REMOVAL | J58: N/A
A59: 296 | B59: 27731511 | C59: S51-R10016/A320 // DENT AND BUCKLE CHART UPDATE | D59: TASK CARD | E59: Open | F59: Normal | G59: INSP | J59: N/A
A60: 299 | B60: 32023170 | C60: REPLACE 3214-31/151721 (BATTERY, EMERGENCY) | D60: TASK CARD | E60: Open | F60: Normal | G60: AV | I60: ACCESS | J60: N/A
A61: 300 | B61: 32023140 | C61: REPLACE 3214-31/151783 (BATTERY, EMERGENCY) | D61: TASK CARD | E61: Open | F61: Normal | G61: AV | I61: ACCESS | J61: N/A
A62: 301 | B62: 32023261 | C62: REPLACE 3214-31/159075 (BATTERY, EMERGENCY) | D62: TASK CARD | E62: Open | F62: Normal | G62: AV | I62: ACCESS | J62: N/A
A63: 302 | B63: 32023581 | C63: REPLACE 3214-31/961564 (BATTERY, EMERGENCY) | D63: TASK CARD | E63: Open | F63: Normal | G63: AV | I63: ACCESS | J63: N/A
A64: 303 | B64: 31449237 | C64: REPLACE 60592-203/A25974 (RESERVOIR AND VALVE ASSEMBLY) | D64: TASK CARD | E64: Open | F64: Normal | G64: AP | I64: ACCESS | J64: N/A | K64: N/A
A65: 304 | B65: 27027164 | C65: REPLACE 60592-203/ALT749-11441 (RESERVOIR AND VALVE ASSEMBLY) | D65: TASK CARD | E65: Open | F65: Normal | G65: AP | J65: N/A | K65: N/A
A66: 305 | B66: 29160779 | C66: REPLACE 755D0000-01/81210-68985 (REHEATER) | D66: TASK CARD | E66: Closed | F66: Normal | G66: AP | J66: N/A | K66: N/A
A67: 306 | B67: 29540806 | C67: REPLACE 9700-C1A-BF23A/P21110181 (BOTTEL PORTABLE OXY.) | D67: TASK CARD | E67: Closed | F67: Normal | G67: CAB | J67: N/A
A68: 308 | B68: 21620684 | C68: 34100005-1/39235D1 WC(WEIGHT CHECK) / WEIGHT CHECK | D68: TASK CARD | E68: Open | F68: Normal | G68: AP | J68: N/A
A69: 309 | B69: 21620578 | C69: 34100005-1/40474D1 WC(WEIGHT CHECK) / WEIGHT CHECK | D69: TASK CARD | E69: Open | F69: Normal | G69: AP | J69: N/A
A70: 310 | B70: 21620847 | C70: 34100005-1/42779D1 WC(WEIGHT CHECK) / WEIGHT CHECK | D70: TASK CARD | E70: Open | F70: Normal | G70: AP | J70: N/A
A71: 311 | B71: 21620638 | C71: 34100005-1/57001D1 WC(WEIGHT CHECK) / WEIGHT CHECK | D71: TASK CARD | E71: Open | F71: Normal | G71: AP | J71: N/A
A72: 316 | B72: 23905848 | C72: DENT AND BUCKLE CHART /1/ MAKE SURE THAT AIRCRAFT IS SAFE AND READY FOR MAINTENANCE BEFORE YOU START THIS TASK TO AVOID PERSONNEL INJURY AND AIRCRAFT DAMAGE. /2/ THIS ER DIRECTS THE DETAIL VISUAL INSPECTION OF ALL AIRCRAFT EXTERIOR SURFACE... | D72: TASK CARD | E72: Open | F72: Normal | G72: INSP | J72: N/A
A73: 317 | B73: 32022300 | C73: DOCTR KIT EXPIRY [30JUN 2026]. DOCTOR KIT WILL EXP ON 30 JUNE 2026 DEK # 096 DEK SN 7160 | D73: GENERAL CABIN | E73: Open | F73: Normal | G73: CAB | I73: R/R FROM CATRION | J73: N/A | K73: AFT
A74: 319 | B74: 80794771 | C74: METAL STRIP LAV D BESIDE COMPARTMENT S302 AFT LWR SIDE METAL STRIP FOUND BROKEN. PIC ATTACHED | D74: GENERAL CABIN | E74: Open | F74: Normal | G74: CAB | I74: seat metal in progress | J74: N/A | K74: AFT
A75: 320 | B75: 81012325 | C75: COVER R2 DOOR MIS BUSTLE COVER HAS DAMAGE. | D75: PAX DOORS | E75: Closed | F75: Normal | G75: CAB | H75: Requested | J75: N/A | K75: AFT
A76: 322 | B76: STJC-20-00-00-01-GA-GO | C76: HEAVY CHK AIRCRAFT (PRE-INSP) | D76: TASK CARD | E76: Closed | F76: Normal | G76: INSP | J76: N/A
A77: 323 | B77: STJC-20-00-00-03-GA-GO | C77: TOOL ACCOUNTABILITY PRIOR TO ACFT RELEASE | D77: TASK CARD | E77: Open | F77: Normal | G77: AP | J77: N/A
A78: 324 | B78: STJC-20-00-00-04-GA-SV | C78: AIRCRAFT MAINTENANCE AND CABIN LOGBOOKS AUDIT | D78: TASK CARD | E78: Open | F78: Normal | G78: PLN | J78: N/A
A79: 325 | B79: STJC-20-00-00-05-GA-SV | C79: AIRCRAFT MAINTENANCE PACKAGE ACCOUNTABILITY CHECK | D79: TASK CARD | E79: Open | F79: Normal | G79: AP | J79: N/A
A80: 326 | B80: STJC-20-00-00-06-A32S-SV | C80: HEAVEY CHECK PRE-HANGAR PREPARATION | D80: TASK CARD | E80: Closed | F80: Normal | G80: AP | J80: N/A
A81: 327 | B81: STJC-20-00-00-07-A32S-SV | C81: HEAVEY CHECK DE-HANGARING PREPARATION | D81: TASK CARD | E81: Open | F81: Normal | G81: AP | J81: N/A
A82: 328 | B82: STJC-20-00-00-08-A32S-SV | C82: CABIN DOORS SAFETY PINS INSTALLATION/REMOVAL | D82: TASK CARD | E82: Closed | F82: Normal | G82: CAB | J82: N/A
A83: 329 | B83: STJC-AREAS-FINAL-INSPECTION-01-GA-GO | C83: AIRCRAFT FINAL INSPECTION | D83: TASK CARD | E83: Open | F83: Normal | G83: INSP | J83: N/A
A84: 330 | B84: STJC-AREAS-FINAL-INSPECTION-02-GA-GO | C84: COCKPIT AND PAX CABIN FINAL INSPECTION | D84: TASK CARD | E84: Open | F84: Normal | G84: INSP | J84: N/A
A85: 339 | B85: STJC-RTS-03-A32S-SV | C85: AIRCRAFT RETURN TO SERVICE FOR HEAVEY CHECK | D85: TASK CARD | E85: Open | F85: Normal | G85: AP | J85: N/A
A86: 341 | B86: 32787419 | C86: LAV FLOOR PAN---SM--RII LAV-D FLOOR PAN UNDER COMMODE VERTICAL PANEL SCREW HOLE CRACKED ALL THE WAY | D86: LAVATORY | E86: Open | F86: Normal | G86: S/M | J86: N/A
A87: 342 | B87: 32787446 | C87: LAVE COMMODE SHROUDE---CAB---NO CALL BACK LAV-A FLOOR PAN COMMODE BOTTOM VERTICAL PANEL 01EA SCREW MISSING | D87: LAVATORY | E87: Open | F87: Normal | G87: CAB | J87: N/A | K87: AFT
A88: 343 | B88: 32787479 | C88: LAVE FLOOR PAN---SM---RII LAV-E FLOOR PAN COMMODE BOTTOM SIDE VERTICAL PANEL SCREW HOLE CRACKED ALL THE WAY | D88: TASK CARD | E88: Closed | F88: Normal | G88: S/M | J88: N/A
A89: 348 | B89: 29534232 | C89: 252582/AD-A320/A321, INSPECTION OF ALL LAVATORY WASTE RECEPTACLE DOORS | D89: TASK CARD | E89: Open | F89: Normal | G89: INSP | J89: N/A
A90: 354 | B90: 381000-01-1 | C90: 381000-01-1 (02) / WATER TANK DISINFECTION | D90: TASK CARD | E90: Open | F90: Normal | G90: CAB | J90: N/A
A91: 368 | B91: 32070218 | C91: S35-D10066/A320/21 - PBE SERIAL NUMBER VERIFICATION. | D91: TASK CARD | E91: Closed | F91: Normal | G91: CAB | J91: N/A | K91: JOINT
A92: 372 | B92: 05-SVA-01 | C92: 05-SVA-01 (00) / EMERGENCY EQUIPMENTS EXPIRY CHECK | D92: TASK CARD | E92: Closed | F92: Normal | G92: CAB | J92: N/A | K92: JOINT
A93: 373 | B93: 11-11-00-01-0-SVA | C93: 11-11-00-01-0-SVA (02) / INTERIOR PLACARDS CHECK | D93: TASK CARD | E93: Open | F93: Normal | G93: PAINT | J93: N/A
A94: 374 | B94: 212300-02-1 | C94: 212300-02-1 (03) / LAVATORY AIR EXTRACTION FLTR R/R | D94: TASK CARD | E94: Closed | F94: Normal | G94: CAB | H94: Requested | J94: N/A
A95: 375 | B95: 212600-11-1 | C95: 212600-11-1 (03) / DEMISTER FLTER&FILTER CARTRIDGE R&R | D95: TASK CARD | E95: Closed | F95: Normal | G95: AP | J95: N/A
A96: 376 | B96: 216000-01-1-001 | C96: 216000-01-1-001 (05) / CLEANING OF COCKPIT SENSOR DUCT AND TEMPERATURE SENSOR. | D96: TASK CARD | E96: Closed | F96: Normal | G96: AV | J96: N/A
A97: 377 | B97: 216000-01-1-002 | C97: 216000-01-1-002 (04) / CLEANING OF CABIN SENSOR DUCT AND TEMPERATURE SENSOR. | D97: TASK CARD | E97: Closed | F97: Normal | G97: AV | J97: N/A
A98: 379 | B98: 237100-01-1 | C98: 237100-01-1 (02) / COCKPIT VOICE RECORDER OPC | D98: TASK CARD | E98: Closed | F98: Normal | G98: AV | J98: N/A
A99: 384 | B99: 243800-01-1 | C99: 243800-01-1 (02) / BATT CHARGE LIMITER OPS CHECK | D99: TASK CARD | E99: Closed | F99: Normal | G99: AV | J99: N/A
A100: 385 | B100: 25-10-00-00-SVA | C100: 25-10-00-00-SVA (00) / COCKPIT CHECK | D100: TASK CARD | E100: Open | F100: Normal | G100: CAB | J100: N/A | K100: FWD
A101: 386 | B101: 25-11-00-07-0-SVA-001 | C101: 25-11-00-07-0-SVA-001 (03) / FOURTH OCCUPANT SEAT LUBRICATION | D101: TASK CARD | E101: Closed | F101: Normal | G101: CAB | J101: N/A | K101: FWD
A102: 387 | B102: 25-11-00-19-0-SVA | C102: 25-11-00-19-0-SVA (01) / THIRD OCCUPANT SEAT LUBRICATION | D102: TASK CARD | E102: Closed | F102: Normal | G102: CAB | J102: N/A | K102: FWD
...

Sheet DASHBOARD
A1: 📊 ASF C3-CHECK — WORK PACKAGE DASHBOARD | I1: ="Day "&TEXT(MAX(1,MIN(TODAY()-DATE(2026,6,8)+1,36)),"0")&"/36" -> Day 24/36
A2: All figures update automatically from ASF Tracker
A3: STATUS OVERVIEW
B5: Total Items/WOs | C5: =COUNTIF('ASF Tracker'!B4:B1002,"<>") -> 376 | E5: Closed | F5: =COUNTIFS('ASF Tracker'!B4:B1002,"<>",'ASF Tracker'!E4:E1002,"Closed") -> 192 | H5: Completion | I5: =TEXT(IFERROR(COUNTIFS('ASF Tracker'!B4:B1002,"<>",'ASF Tracker'!E4:E1002,"Closed")/COUNTIF('ASF Tracker'!B4:B1002,"<>"),0),"0%") -> 51%
B7: Open | C7: =COUNTIFS('ASF Tracker'!B4:B1002,"<>",'ASF Tracker'!E4:E1002,"Open") -> 156 | E7: In Progress | F7: =COUNTIFS('ASF Tracker'!B4:B1002,"<>",'ASF Tracker'!E4:E1002,"In Progress") -> 28 | H7: Deferred / Hold | I7: =COUNTIFS('ASF Tracker'!B4:B1002,"<>",'ASF Tracker'!E4:E1002,"Deferred")+COUNTIFS('ASF Tracker'!B4:B1002,"<>",'ASF Tracker'!E4:E1002,"On Hold") -> 0
A9: PRIORITY ALERTS
B11: AOG | C11: =COUNTIFS('ASF Tracker'!B4:B1002,"<>",'ASF Tracker'!F4:F1002,"AOG") -> 4 | E11: Critical | F11: =COUNTIFS('ASF Tracker'!B4:B1002,"<>",'ASF Tracker'!F4:F1002,"Critical") -> 0 | H11: High | I11: =COUNTIFS('ASF Tracker'!B4:B1002,"<>",'ASF Tracker'!F4:F1002,"High") -> 0
A13: PARTS REQUIREMENTS (count of WOs with each status)
B15: Requested | C15: =COUNTIFS('ASF Tracker'!B4:B1002,"<>",'ASF Tracker'!H4:H1002,"Requested") -> 111 | E15: Requested – CR | F15: =COUNTIFS('ASF Tracker'!B4:B1002,"<>",'ASF Tracker'!H4:H1002,"Requested - CR") -> 3 | H15: Requested – R | I15: =COUNTIFS('ASF Tracker'!B4:B1002,"<>",'ASF Tracker'!H4:H1002,"Requested - R") -> 30
B17: Pending - Require Evaluation | C17: =COUNTIFS('ASF Tracker'!B4:B1002,"<>",'ASF Tracker'!H4:H1002,"Pending EVAL") -> 0 | E17: N/R (not required) | F17: =COUNTIFS('ASF Tracker'!B4:B1002,"<>",'ASF Tracker'!H4:H1002,"N/R") -> 15 | H17: N/A (Not available) | I17: =COUNTIFS('ASF Tracker'!B4:B1002,"<>",'ASF Tracker'!H4:H1002,"N/A") -> 0
A19: BY CATEGORY
B21: TASK CARD | C21: =IFERROR(COUNTIFS('ASF Tracker'!$B$4:$B$1002,"<>",'ASF Tracker'!$D$4:$D$1002,"TASK CARD",'ASF Tracker'!$E$4:$E$1002,"Closed")&" / "&COUNTIFS('ASF Tracker'!$B$4:$B$1002,"<>",'ASF Tracker'!$D$4:$D$1002,"TASK CARD"),"-") -> 60 / 126 | E21: LAVATORY | F21: =IFERROR(COUNTIFS('ASF Tracker'!$B$4:$B$1002,"<>",'ASF Tracker'!$D$4:$D$1002,"LAVATORY",'ASF Tracker'!$E$4:$E$1002,"Closed")&" / "&COUNTIFS('ASF Tracker'!$B$4:$B$1002,"<>",'ASF Tracker'!$D$4:$D$1002,"LAVATORY"),"-") -> 20 / 35 | H21: GALLEY | I21: =IFERROR(COUNTIFS('ASF Tracker'!$B$4:$B$1002,"<>",'ASF Tracker'!$D$4:$D$1002,"GALLEY",'ASF Tracker'!$E$4:$E$1002,"Closed")&" / "&COUNTIFS('ASF Tracker'!$B$4:$B$1002,"<>",'ASF Tracker'!$D$4:$D$1002,"GALLEY"),"-") -> 31 / 39
B22: =IFERROR("Completion: "&TEXT(COUNTIFS('ASF Tracker'!$B$4:$B$1002,"<>",'ASF Tracker'!$D$4:$D$1002,"TASK CARD",'ASF Tracker'!$E$4:$E$1002,"Closed")/COUNTIFS('ASF Tracker'!$B$4:$B$1002,"<>",'ASF Tracker'!$D$4:$D$1002,"TASK CARD"),"0%"),"-") -> Completion: 48% | E22: =IFERROR("Completion: "&TEXT(COUNTIFS('ASF Tracker'!$B$4:$B$1002,"<>",'ASF Tracker'!$D$4:$D$1002,"LAVATORY",'ASF Tracker'!$E$4:$E$1002,"Closed")/COUNTIFS('ASF Tracker'!$B$4:$B$1002,"<>",'ASF Tracker'!$D$4:$D$1002,"LAVATORY"),"0%"),"-") -> Completion: 57% | H22: =IFERROR("Completion: "&TEXT(COUNTIFS('ASF Tracker'!$B$4:$B$1002,"<>",'ASF Tracker'!$D$4:$D$1002,"GALLEY",'ASF Tracker'!$E$4:$E$1002,"Closed")/COUNTIFS('ASF Tracker'!$B$4:$B$1002,"<>",'ASF Tracker'!$D$4:$D$1002,"GALLEY"),"0%"),"-") -> Completion: 79%
B24: GENERAL CABIN | C24: =IFERROR(COUNTIFS('ASF Tracker'!$D$4:$D$1002,"GENERAL CABIN",'ASF Tracker'!$E$4:$E$1002,"Closed",'ASF Tracker'!$B$4:$B$1002,"<>")&" / "&COUNTIFS('ASF Tracker'!$D$4:$D$1002,"GENERAL CABIN",'ASF Tracker'!$B$4:$B$1002,"<>"),"-") -> 34 / 72 | E24: TEDLAR/SIDEWALL | F24: =IFERROR(COUNTIFS('ASF Tracker'!$B$4:$B$1002,"<>",'ASF Tracker'!$D$4:$D$1002,"TEDLAR/SIDEWALL",'ASF Tracker'!$E$4:$E$1002,"Closed")&" / "&COUNTIFS('ASF Tracker'!$B$4:$B$1002,"<>",'ASF Tracker'!$D$4:$D$1002,"TEDLAR/SIDEWALL"),"-") -> 7 / 12 | H24: PAX SEAT | I24: =IFERROR(COUNTIFS('ASF Tracker'!$B$4:$B$1002,"<>",'ASF Tracker'!$D$4:$D$1002,"PAX SEAT",'ASF Tracker'!$E$4:$E$1002,"Closed")&" / "&COUNTIFS('ASF Tracker'!$B$4:$B$1002,"<>",'ASF Tracker'!$D$4:$D$1002,"PAX SEAT"),"-") -> 1 / 27
B25: =IFERROR("Completion: "&TEXT(COUNTIFS('ASF Tracker'!$D$4:$D$1002,"GENERAL CABIN",'ASF Tracker'!$E$4:$E$1002,"Closed",'ASF Tracker'!$B$4:$B$1002,"<>")/COUNTIFS('ASF Tracker'!$D$4:$D$1002,"GENERAL CABIN",'ASF Tracker'!$B$4:$B$1002,"<>"),"0%"),"-") -> Completion: 47% | E25: =IFERROR("Completion: "&TEXT(COUNTIFS('ASF Tracker'!$B$4:$B$1002,"<>",'ASF Tracker'!$D$4:$D$1002,"TEDLAR/SIDEWALL",'ASF Tracker'!$E$4:$E$1002,"Closed")/COUNTIFS('ASF Tracker'!$B$4:$B$1002,"<>",'ASF Tracker'!$D$4:$D$1002,"TEDLAR/SIDEWALL"),"0%"),"-") -> Completion: 58% | H25: =IFERROR("Completion: "&TEXT(COUNTIFS('ASF Tracker'!$B$4:$B$1002,"<>",'ASF Tracker'!$D$4:$D$1002,"PAX SEAT",'ASF Tracker'!$E$4:$E$1002,"Closed")/COUNTIFS('ASF Tracker'!$B$4:$B$1002,"<>",'ASF Tracker'!$D$4:$D$1002,"PAX SEAT"),"0%"),"-") -> Completion: 4%
B27: PAX DOORS | C27: =IFERROR(COUNTIFS('ASF Tracker'!$B$4:$B$1002,"<>",'ASF Tracker'!$D$4:$D$1002,"PAX DOORS",'ASF Tracker'!$E$4:$E$1002,"Closed")&" / "&COUNTIFS('ASF Tracker'!$B$4:$B$1002,"<>",'ASF Tracker'!$D$4:$D$1002,"PAX DOORS"),"-") -> 3 / 13 | E27: F/A SEAT | F27: =IFERROR(COUNTIFS('ASF Tracker'!$B$4:$B$1002,"<>",'ASF Tracker'!$D$4:$D$1002,"F/A SEAT",'ASF Tracker'!$E$4:$E$1002,"Closed")&" / "&COUNTIFS('ASF Tracker'!$B$4:$B$1002,"<>",'ASF Tracker'!$D$4:$D$1002,"F/A SEAT"),"-") -> 17 / 27 | H27: OTHERS | I27: =IFERROR((COUNTIFS('ASF Tracker'!$B$4:$B$1002,"<>",'ASF Tracker'!$E$4:$E$1002,"Closed")-(COUNTIFS('ASF Tracker'!$B$4:$B$1002,"<>",'ASF Tracker'!$D$4:$D$1002,"TASK CARD",'ASF Tracker'!$E$4:$E$1002,"Closed")+COUNTIFS('ASF Tracker'!$B$4:$B$1002,"<>",'ASF Tracker'!$D$4:$D$1002,"LAVATORY",'ASF Tracker'!$E$4:$E$1002,"Closed")+COUNTIFS('ASF Tracker'!$B$4:$B$1002,"<>",'ASF Tracker'!$D$4:$D$1002,"GALLEY",'ASF Tracker'!$E$4:$E$1002,"Closed")+COUNTIFS('ASF Tracker'!$B$4:$B$1002,"<>",'ASF Tracker'!$D$4:$D$1002,"GENERAL CABIN",'ASF Tracker'!$E$4:$E$1002,"Closed")+COUNTIFS('ASF Tracker'!$B$4:$B$1002,"<>",'ASF Tracker'!$D$4:$D$1002,"TEDLAR/SIDEWALL",'ASF Tracker'!$E$4:$E$1002,"Closed")+COUNTIFS('ASF Tracker'!$B$4:$B$1002,"<>",'ASF Tracker'!$D$4:$D$1002,"PAX SEAT",'ASF Tracker'!$E$4:$E$1002,"Closed")+COUNTIFS('ASF Tracker'!$B$4:$B$1002,"<>",'ASF Tracker'!$D$4:$D$1002,"PAX DOORS",'ASF Tracker'!$E$4:$E$1002,"Closed")+COUNTIFS('ASF Tracker'!$B$4:$B$1002,"<>",'ASF Tracker'!$D$4:$D$1002,"F/A SEAT",'ASF Tracker'!$E$4:$E$1002,"Closed")+COUNTIFS('ASF Tracker'!$B$4:$B$1002,"<>",'ASF Tracker'!$D$4:$D$1002,"OFAR/OFCR",'ASF Tracker'!$E$4:$E$1002,"Closed")+COUNTIFS('ASF Tracker'!$B$4:$B$1002,"<>",'ASF Tracker'!$D$4:$D$1002,"FLIGHT DECK",'ASF Tracker'!$E$4:$E$1002,"Closed")))&" / "&(COUNTIFS('ASF Tracker'!$B$4:$B$1002,"<>")-(COUNTIFS('ASF Tracker'!$B$4:$B$1002,"<>",'ASF Tracker'!$D$4:$D$1002,"TASK CARD")+COUNTIFS('ASF Tracker'!$B$4:$B$1002,"<>",'ASF Tracker'!$D$4:$D$1002,"LAVATORY")+COUNTIFS('ASF Tracker'!$B$4:$B$1002,"<>",'ASF Tracker'!$D$4:$D$1002,"GALLEY")+COUNTIFS('ASF Tracker'!$B$4:$B$1002,"<>",'ASF Tracker'!$D$4:$D$1002,"GENERAL CABIN")+COUNTIFS('ASF Tracker'!$B$4:$B$1002,"<>",'ASF Tracker'!$D$4:$D$1002,"TEDLAR/SIDEWALL")+COUNTIFS('ASF Tracker'!$B$4:$B$1002,"<>",'ASF Tracker'!$D$4:$D$1002,"PAX SEAT")+COUNTIFS('ASF Tracker'!$B$4:$B$1002,"<>",'ASF Tracker'!$D$4:$D$1002,"PAX DOORS")+COUNTIFS('ASF Tracker'!$B$4:$B$1002,"<>",'ASF Tracker'!$D$4:$D$1002,"F/A SEAT")+COUNTIFS('ASF Tracker'!$B$4:$B$1002,"<>",'ASF Tracker'!$D$4:$D$1002,"OFAR/OFCR")+COUNTIFS('ASF Tracker'!$B$4:$B$1002,"<>",'ASF Tracker'!$D$4:$D$1002,"FLIGHT DECK"))),"-") -> 0 / 0
B28: =IFERROR("Completion: "&TEXT(COUNTIFS('ASF Tracker'!$B$4:$B$1002,"<>",'ASF Tracker'!$D$4:$D$1002,"PAX DOORS",'ASF Tracker'!$E$4:$E$1002,"Closed")/COUNTIFS('ASF Tracker'!$B$4:$B$1002,"<>",'ASF Tracker'!$D$4:$D$1002,"PAX DOORS"),"0%"),"-") -> Completion: 23% | E28: =IFERROR("Completion: "&TEXT(COUNTIFS('ASF Tracker'!$B$4:$B$1002,"<>",'ASF Tracker'!$D$4:$D$1002,"F/A SEAT",'ASF Tracker'!$E$4:$E$1002,"Closed")/COUNTIFS('ASF Tracker'!$B$4:$B$1002,"<>",'ASF Tracker'!$D$4:$D$1002,"F/A SEAT"),"0%"),"-") -> Completion: 63% | H28: =IFERROR("Completion: "&TEXT(((COUNTIFS('ASF Tracker'!$B$4:$B$1002,"<>",'ASF Tracker'!$E$4:$E$1002,"Closed")-(COUNTIFS('ASF Tracker'!$B$4:$B$1002,"<>",'ASF Tracker'!$D$4:$D$1002,"TASK CARD",'ASF Tracker'!$E$4:$E$1002,"Closed")+COUNTIFS('ASF Tracker'!$B$4:$B$1002,"<>",'ASF Tracker'!$D$4:$D$1002,"LAVATORY",'ASF Tracker'!$E$4:$E$1002,"Closed")+COUNTIFS('ASF Tracker'!$B$4:$B$1002,"<>",'ASF Tracker'!$D$4:$D$1002,"GALLEY",'ASF Tracker'!$E$4:$E$1002,"Closed")+COUNTIFS('ASF Tracker'!$B$4:$B$1002,"<>",'ASF Tracker'!$D$4:$D$1002,"GENERAL CABIN",'ASF Tracker'!$E$4:$E$1002,"Closed")+COUNTIFS('ASF Tracker'!$B$4:$B$1002,"<>",'ASF Tracker'!$D$4:$D$1002,"TEDLAR/SIDEWALL",'ASF Tracker'!$E$4:$E$1002,"Closed")+COUNTIFS('ASF Tracker'!$B$4:$B$1002,"<>",'ASF Tracker'!$D$4:$D$1002,"PAX SEAT",'ASF Tracker'!$E$4:$E$1002,"Closed")+COUNTIFS('ASF Tracker'!$B$4:$B$1002,"<>",'ASF Tracker'!$D$4:$D$1002,"PAX DOORS",'ASF Tracker'!$E$4:$E$1002,"Closed")+COUNTIFS('ASF Tracker'!$B$4:$B$1002,"<>",'ASF Tracker'!$D$4:$D$1002,"F/A SEAT",'ASF Tracker'!$E$4:$E$1002,"Closed")+COUNTIFS('ASF Tracker'!$B$4:$B$1002,"<>",'ASF Tracker'!$D$4:$D$1002,"OFAR/OFCR",'ASF Tracker'!$E$4:$E$1002,"Closed")+COUNTIFS('ASF Tracker'!$B$4:$B$1002,"<>",'ASF Tracker'!$D$4:$D$1002,"FLIGHT DECK",'ASF Tracker'!$E$4:$E$1002,"Closed"))))/((COUNTIFS('ASF Tracker'!$B$4:$B$1002,"<>")-(COUNTIFS('ASF Tracker'!$B$4:$B$1002,"<>",'ASF Tracker'!$D$4:$D$1002,"TASK CARD")+COUNTIFS('ASF Tracker'!$B$4:$B$1002,"<>",'ASF Tracker'!$D$4:$D$1002,"LAVATORY")+COUNTIFS('ASF Tracker'!$B$4:$B$1002,"<>",'ASF Tracker'!$D$4:$D$1002,"GALLEY")+COUNTIFS('ASF Tracker'!$B$4:$B$1002,"<>",'ASF Tracker'!$D$4:$D$1002,"GENERAL CABIN")+COUNTIFS('ASF Tracker'!$B$4:$B$1002,"<>",'ASF Tracker'!$D$4:$D$1002,"TEDLAR/SIDEWALL")+COUNTIFS('ASF Tracker'!$B$4:$B$1002,"<>",'ASF Tracker'!$D$4:$D$1002,"PAX SEAT")+COUNTIFS('ASF Tracker'!$B$4:$B$1002,"<>",'ASF Tracker'!$D$4:$D$1002,"PAX DOORS")+COUNTIFS('ASF Tracker'!$B$4:$B$1002,"<>",'ASF Tracker'!$D$4:$D$1002,"F/A SEAT")+COUNTIFS('ASF Tracker'!$B$4:$B$1002,"<>",'ASF Tracker'!$D$4:$D$1002,"OFAR/OFCR")+COUNTIFS('ASF Tracker'!$B$4:$B$1002,"<>",'ASF Tracker'!$D$4:$D$1002,"FLIGHT DECK")))),"0%"),"-") -> -
B30: FLIGHT DECK | C30: =IFERROR(COUNTIFS('ASF Tracker'!$B$4:$B$1002,"<>",'ASF Tracker'!$D$4:$D$1002,"FLIGHT DECK",'ASF Tracker'!$E$4:$E$1002,"Closed")&" / "&COUNTIFS('ASF Tracker'!$B$4:$B$1002,"<>",'ASF Tracker'!$D$4:$D$1002,"FLIGHT DECK"),"-") -> 19 / 25
B31: =IFERROR("Completion: "&TEXT(COUNTIFS('ASF Tracker'!$B$4:$B$1002,"<>",'ASF Tracker'!$D$4:$D$1002,"FLIGHT DECK",'ASF Tracker'!$E$4:$E$1002,"Closed")/COUNTIFS('ASF Tracker'!$B$4:$B$1002,"<>",'ASF Tracker'!$D$4:$D$1002,"FLIGHT DECK"),"0%"),"-") -> Completion: 76%
A33: SPECIALTY
B35: CABIN | C35: =IFERROR(COUNTIFS('ASF Tracker'!$B$4:$B$1002,"<>",'ASF Tracker'!$G$4:$G$1002,"CAB",'ASF Tracker'!$E$4:$E$1002,"Closed")&" / "&COUNTIFS('ASF Tracker'!$B$4:$B$1002,"<>",'ASF Tracker'!$G$4:$G$1002,"CAB"),"-") -> 143 / 222 | E35: SEAT SHOP | F35: =IFERROR(COUNTIFS('ASF Tracker'!$B$4:$B$1002,"<>",'ASF Tracker'!$G$4:$G$1002,"SEAT",'ASF Tracker'!$E$4:$E$1002,"Closed")&" / "&COUNTIFS('ASF Tracker'!$B$4:$B$1002,"<>",'ASF Tracker'!$G$4:$G$1002,"SEAT"),"-") -> 0 / 26 | H35: AV/FOMAX | I35: =IFERROR(COUNTIFS('ASF Tracker'!$B$4:$B$1002,"<>",'ASF Tracker'!$G$4:$G$1002,"AV",'ASF Tracker'!$E$4:$E$1002,"Closed")&" / "&COUNTIFS('ASF Tracker'!$B$4:$B$1002,"<>",'ASF Tracker'!$G$4:$G$1002,"AV"),"-") -> 14 / 33
B36: =IFERROR("Completion: "&TEXT(COUNTIFS('ASF Tracker'!$B$4:$B$1002,"<>",'ASF Tracker'!$G$4:$G$1002,"CAB",'ASF Tracker'!$E$4:$E$1002,"Closed")/COUNTIFS('ASF Tracker'!$B$4:$B$1002,"<>",'ASF Tracker'!$G$4:$G$1002,"CAB"),"0%"),"-") -> Completion: 64% | E36: =IFERROR("Completion: "&TEXT(COUNTIFS('ASF Tracker'!$B$4:$B$1002,"<>",'ASF Tracker'!$G$4:$G$1002,"SEAT",'ASF Tracker'!$E$4:$E$1002,"Closed")/COUNTIFS('ASF Tracker'!$B$4:$B$1002,"<>",'ASF Tracker'!$G$4:$G$1002,"SEAT"),"0%"),"-") -> Completion: 0% | H36: =IFERROR("Completion: "&TEXT(COUNTIFS('ASF Tracker'!$B$4:$B$1002,"<>",'ASF Tracker'!$G$4:$G$1002,"AV",'ASF Tracker'!$E$4:$E$1002,"Closed")/COUNTIFS('ASF Tracker'!$B$4:$B$1002,"<>",'ASF Tracker'!$G$4:$G$1002,"AV"),"0%"),"-") -> Completion: 42%
B38: SIDEWALL | C38: =IFERROR(COUNTIFS('ASF Tracker'!$B$4:$B$1002,"<>",'ASF Tracker'!$G$4:$G$1002,"S/W",'ASF Tracker'!$E$4:$E$1002,"Closed")&" / "&COUNTIFS('ASF Tracker'!$B$4:$B$1002,"<>",'ASF Tracker'!$G$4:$G$1002,"S/W"),"-") -> 4 / 10 | E38: S/M | F38: =IFERROR(COUNTIFS('ASF Tracker'!$B$4:$B$1002,"<>",'ASF Tracker'!$G$4:$G$1002,"S/M",'ASF Tracker'!$E$4:$E$1002,"Closed")&" / "&COUNTIFS('ASF Tracker'!$B$4:$B$1002,"<>",'ASF Tracker'!$G$4:$G$1002,"S/M"),"-") -> 2 / 6 | H38: PAINT | I38: =IFERROR(COUNTIFS('ASF Tracker'!$B$4:$B$1002,"<>",'ASF Tracker'!$G$4:$G$1002,"PAINT",'ASF Tracker'!$E$4:$E$1002,"Closed")&" / "&COUNTIFS('ASF Tracker'!$B$4:$B$1002,"<>",'ASF Tracker'!$G$4:$G$1002,"PAINT"),"-") -> 5 / 25
B39: =IFERROR("Completion: "&TEXT(COUNTIFS('ASF Tracker'!$B$4:$B$1002,"<>",'ASF Tracker'!$G$4:$G$1002,"S/W",'ASF Tracker'!$E$4:$E$1002,"Closed")/COUNTIFS('ASF Tracker'!$B$4:$B$1002,"<>",'ASF Tracker'!$G$4:$G$1002,"S/W"),"0%"),"-") -> Completion: 40% | E39: =IFERROR("Completion: "&TEXT(COUNTIFS('ASF Tracker'!$B$4:$B$1002,"<>",'ASF Tracker'!$G$4:$G$1002,"S/M",'ASF Tracker'!$E$4:$E$1002,"Closed")/COUNTIFS('ASF Tracker'!$B$4:$B$1002,"<>",'ASF Tracker'!$G$4:$G$1002,"S/M"),"0%"),"-") -> Completion: 33% | H39: =IFERROR("Completion: "&TEXT(COUNTIFS('ASF Tracker'!$B$4:$B$1002,"<>",'ASF Tracker'!$G$4:$G$1002,"PAINT",'ASF Tracker'!$E$4:$E$1002,"Closed")/COUNTIFS('ASF Tracker'!$B$4:$B$1002,"<>",'ASF Tracker'!$G$4:$G$1002,"PAINT"),"0%"),"-") -> Completion: 20%
B41: JOINT | C41: =IFERROR(COUNTIFS('ASF Tracker'!$B$4:$B$1002,"<>",'ASF Tracker'!$G$4:$G$1002,"JOINT",'ASF Tracker'!$E$4:$E$1002,"Closed")&" / "&COUNTIFS('ASF Tracker'!$B$4:$B$1002,"<>",'ASF Tracker'!$G$4:$G$1002,"JOINT"),"-") -> 12 / 20 | E41: INSP | F41: =IFERROR(COUNTIFS('ASF Tracker'!$B$4:$B$1002,"<>",'ASF Tracker'!$G$4:$G$1002,"INSP",'ASF Tracker'!$E$4:$E$1002,"Closed")&" / "&COUNTIFS('ASF Tracker'!$B$4:$B$1002,"<>",'ASF Tracker'!$G$4:$G$1002,"INSP"),"-") -> 8 / 14 | H41: A/P | I41: =IFERROR(COUNTIFS('ASF Tracker'!$B$4:$B$1002,"<>",'ASF Tracker'!$G$4:$G$1002,"AP",'ASF Tracker'!$E$4:$E$1002,"Closed")&" / "&COUNTIFS('ASF Tracker'!$B$4:$B$1002,"<>",'ASF Tracker'!$G$4:$G$1002,"AP"),"-") -> 4 / 19
B42: =IFERROR("Completion: "&TEXT(COUNTIFS('ASF Tracker'!$B$4:$B$1002,"<>",'ASF Tracker'!$G$4:$G$1002,"JOINT",'ASF Tracker'!$E$4:$E$1002,"Closed")/COUNTIFS('ASF Tracker'!$B$4:$B$1002,"<>",'ASF Tracker'!$G$4:$G$1002,"JOINT"),"0%"),"-") -> Completion: 60% | E42: =IFERROR("Completion: "&TEXT(COUNTIFS('ASF Tracker'!$B$4:$B$1002,"<>",'ASF Tracker'!$G$4:$G$1002,"INSP",'ASF Tracker'!$E$4:$E$1002,"Closed")/COUNTIFS('ASF Tracker'!$B$4:$B$1002,"<>",'ASF Tracker'!$G$4:$G$1002,"INSP"),"0%"),"-") -> Completion: 57% | H42: =IFERROR("Completion: "&TEXT(COUNTIFS('ASF Tracker'!$B$4:$B$1002,"<>",'ASF Tracker'!$G$4:$G$1002,"AP",'ASF Tracker'!$E$4:$E$1002,"Closed")/COUNTIFS('ASF Tracker'!$B$4:$B$1002,"<>",'ASF Tracker'!$G$4:$G$1002,"AP"),"0%"),"-") -> Completion: 21%

Sheet Findings Draft
A1: 📋 FINDINGS DRAFT — Pre-AMOS
A2: Findings sourced from ACFT Finding Report App · Review & assign P/N before raising on AMOS
A3: # | B3: By | C3: Category | D3: Sub-Category | E3: Finding Description | F3: Remarks | G3: Photo URL | H3: AMOS Status | I3: WO No. | J3: P/N Required | K3: Qty
A4: 1 | B4: BAY 4 CREW | C4: LAVATORY | D4: LAV A | E4: LAVATORY A NURSING TABLE WITH MISSING BUMPER. | H4: Raised
A5: 2 | B5: BAY 4 CREW | C5: LAVATORY | E5: LAVATORY A NURSING TABLE DISCOLORED. | F5: PAINT | H5: Not Raised
A6: 3 | B6: BAY 4 CREW | C6: LAVATORY | E6: LAVATORY A SERVICE CABINET STORAGE DRAWER RUBBER SEAL NOT SECURED. | H6: Raised
A7: 4 | B7: BAY 4 CREW | C7: LAVATORY | E7: LAVATORY A TOILET SHROUD WITH MISSING 2 EA SCREWS. | H7: Raised
A8: 5 | B8: BAY 4 CREW | C8: LAVATORY | E8: LAVATORY A TOILET PAPER DISPENSER COVER COLOR FADED. | H8: Raised
A9: 6 | B9: BAY 4 CREW | C9: LAVATORY | E9: LAVATORY A FAUCET LEAKING | H9: Raised
A10: 7 | B10: BAY 4 CREW | C10: LAVATORY | D10: LAV E | E10: LAVATORY E TOILET SHROUD NOT SECURED. | H10: Raised
A11: 8 | B11: BAY 4 CREW | C11: LAVATORY | E11: LAVATORY E TOILET SHROUD SCREW CORRODED | H11: Not Raised
A12: 9 | B12: BAY 4 CREW | C12: LAVATORY | E12: LAVATORY E TOILET SHROUD COVER DISCOLORED. | F12: PAINT | H12: Raised
A13: 10 | B13: BAY 4 CREW | C13: LAVATORY | E13: LAVATORY E NURSING TABLE WITH MISSING BUMPER. | H13: Raised
A14: 11 | B14: BAY 4 CREW | C14: LAVATORY | E14: LAVATORY E FAUCET LEAKING. | H14: Raised
A15: 12 | B15: BAY 4 CREW | C15: LAVATORY | E15: LAVATORY E WATER HEATER INOP. | H15: Raised
A16: 13 | B16: BAY 4 CREW | C16: LAVATORY | E16: LAVATORY E AIR VENTILATION COVER BROKEN. | H16: Raised
A17: 14 | B17: BAY 4 CREW | C17: LAVATORY | D17: LAV D | E17: LAVATORY D TOILET SHROUD COVER NOT SECURED. | H17: Raised
A18: 15 | B18: BAY 4 CREW | C18: LAVATORY | E18: LAVATORY D WASHBASIN ACCESS DOOR REQ PAINT. | H18: Not Raised
A19: 16 | B19: BAY 4 CREW | C19: LAVATORY | E19: LAVATORY D TOILET PAPER ROLLER IS MISSING. | H19: Raised
A20: 17 | B20: BAY 4 CREW | C20: LAVATORY | E20: LAVATORY D FAUCET IS LEAKING. | H20: Not Raised
A21: 18 | B21: BAY 4 CREW | C21: LAVATORY | E21: LAVATORY D SINK SIEVE NOT SECURED. | H21: Raised
A22: 19 | B22: BAY 4 CREW | C22: LAVATORY | E22: LAVATORY D WASHBASIN SINK DRAINING SLOWLY. | H22: Raised
A23: 20 | B23: BAY 4 CREW | C23: LAVATORY | E23: LAVATORY D DOOR HANDLE LOOSE. | H23: Raised
A24: 21 | B24: BAY 4 CREW | C24: LAVATORY | E24: LAVATORY D TEDLAR DAMAGED. | F24: OUTERBOARD TEDLAR | H24: Not Raised
A25: 22 | B25: BAY 4 CREW | C25: GALLEY | E25: G1 GALLEY CART TURN CATCH AT 109 AND 111 FOUND LOOSE. | H25: Raised
A26: 23 | B26: BAY 4 CREW | C26: GALLEY | E26: FWD GALLEY CART COMPT. 109 MID LATCH LEVER IS MISSING. | H26: Raised
A27: 24 | B27: BAY 4 CREW | C27: GALLEY | E27: FWD GALLEY COUNTERTOP SEALANT DETERIORATED. | F27: REQ REWORK | H27: Raised
A28: 25 | B28: BAY 4 CREW | C28: GALLEY | E28: G1 GALLEY COMPT. 101 DOOR HINGE LOOSE. | H28: Not Raised
A29: 26 | B29: BAY 4 CREW | C29: GALLEY | E29: G2 GALLEY ICE BOX LOWER TRIM WITH CORROSION | F29: REQ EVAL DONT RAISE NOW | H29: Not Raised
A30: 27 | B30: BAY 4 CREW | C30: GALLEY | E30: G2 GALLEY COMPT. 211 LOWER BUMPER IS MISSING. | H30: Raised
A31: 28 | B31: BAY 4 CREW | C31: GALLEY | E31: G2 GALLEY COMPT. 210 DOOR TEDLAR CHIPPED OFF. | H31: Not Raised
A32: 29 | B32: BAY 4 CREW | C32: GALLEY | E32: G2 GALLEY COUNTERTOP BULGED. | F32: REQ EVAL DONT RAISE NOW | H32: Not Raised
A33: 30 | B33: BAY 4 CREW | C33: GALLEY | E33: G2 GALLEY FOOTSTEP INOP. | H33: Raised
A34: 31 | B34: BAY 4 CREW | C34: GALLEY | E34: G2 GALLEY COMPT. 210 DOOR LOCK LOOSE. | H34: Raised
A35: 32 | B35: BAY 4 CREW | C35: GALLEY | E35: AFT GALLEY COMPT. 501 DOOR HINGE BROKEN. | H35: Raised
A36: 33 | B36: BAY 4 CREW | C36: GALLEY | E36: AFT GALLEY COMPT. 501, 503 AND 504 STC DIVIDER KNOB BROKEN (WITHOUT LOCK). | F36: REQ EVAL | H36: Not Raised
A37: 34 | B37: BAY 4 CREW | C37: GALLEY | E37: AFT GALLEY 3 LONG CART CATCH AND 2 SHORT CART TURN CATCH REQ REPLACEMENT. | H37: Not Raised
A38: 35 | B38: BAY 4 CREW | C38: GALLEY | E38: AFT GALLEY ALL OVENS REQ PAITN. | H38: Raised
A39: 36 | B39: BAY 4 CREW | C39: GALLEY | E39: AFT GALLEY CART COMPARTMENT AT 517 T-DIVIDER WITH MISSING BUMPER. | H39: Not Raised
A40: 37 | B40: BAY 4 CREW | C40: GALLEY | E40: AFT GALLEY CART COMPARTMENT AT 519 T-DIVIDER WITH BROKEN BUMPER. | H40: Not Raised
A41: 38 | B41: BAY 4 CREW | C41: GALLEY | E41: AFT GALLEY CART COMPARTMENT AT 518 T-DIVIDER WITH BROKEN BUMPER. | H41: Not Raised
A42: 39 | B42: BAY 4 CREW | C42: GALLEY | E42: AFT GALLEY COMPT. 504 DOOR LOOSE. | H42: Not Raised
A43: 40 | B43: BAY 4 CREW | C43: GENERAL CABIN | E43: MOST FWD VIDEO EQUIPMENT OVERHEAD STOWAGE DOOR OPENS FAST. | H43: Raised
A44: 41 | B44: BAY 4 CREW | C44: GENERAL CABIN | E44: MOST FWD RH MEDICAL KIT OVERHEAD STOWAGE BIN WITH INSIDE DENT. | H44: Raised
A45: 42 | B45: BAY 4 CREW | C45: GENERAL CABIN | E45: OSB DOOR WITH INSIDE DENT AT 1AC, 3AC, 4LJ, 5LJ, FWD OF 30JKL, 30 ABC AND 44 JKL. | H45: Raised
A46: 43 | B46: BAY 4 CREW | C46: GENERAL CABIN | E46: OSB DOOR MISSING WITH RUBBER BUMPER AT 1AC, 4LJ, 4AC, 5LJ, FWD OF 30 JKL, 30ABC, 31ABC AND 33ABC. | H46: Raised
A47: 44 | B47: BAY 4 CREW | C47: GENERAL CABIN | E47: OSB DOOR WITH MISSING RUBBER BUMPER AT 34ABC, 37ABC, 38ABC, 40JKL, 41JKL, 42JKL, 44JKL AND 44ABC. | H47: Raised
A48: 45 | B48: BAY 4 CREW | C48: GENERAL CABIN | E48: OSB WITH MISSING UPPER BUMPER AT 1AC, 5AC, 5LJ, 30JKL, 32JKL, 33JKL, 33JKL AND 34ABC. | H48: Raised
... A66: 63 | B66: BAY 4 CREW | C66: FLIGHT DECK | E66: FLIGHT DECK F/O SEAT R/H ARMREST GAUGE DIRTY. | H66: Not Raised
A67: 64 | B67: FADUL | C67: TEDLAR/SIDEWALL | D67: 1AC | E67: THE SPLINE BETWEEN SIDEWALLS SHIFTED DOWNWARD | G67: https://i.ibb.co/QvkGH4GN/2133f228a54e.jpg | H67: Not Raised
A68: 65 | B68: FADUL | C68: GENERAL CABIN | D68: 1AC | E68: CHIPPED RUBBER SEAL | G68: https://i.ibb.co/9kG3gS87/885f1263c4b8.jpg | H68: Not Raised
A69: 66 | B69: FADUL | C69: GENERAL CABIN | D69: 1AC | E69: DIRTY INTERIOR ON THE OVRHD COPMT | G69: https://i.ibb.co/Q3qcK5VM/9f8fcdd169e1.jpg | H69: Not Raised
A70: 67 | B70: FADUL | C70: GENERAL CABIN | D70: 2AC | E70: SMALL PAINT CHIPPED OF ON STOWAGE COMPT. HANDLE | G70: https://i.ibb.co/C3x90KXc/6a668d46a2cf.jpg | H70: Not Raised
A71: 68 | B71: FADUL | C71: GENERAL CABIN | D71: 1AC | E71: THE SMALL COMPT. STOWAGE STUCK IN THE CEILING AND NEED ADJUSTMENT | G71: https://i.ibb.co/jvCZhrmg/7d9768c8e308.jpg | H71: Not Raised
A72: 69 | B72: FADUL | C72: GENERAL CABIN | D72: 1AC | E72: MISSING DAMPER INSIDE STOWAGE COMPT. | G72: https://i.ibb.co/Z6wVYkxP/5c3d5c9daf60.jpg | H72: Not Raised
A73: 70 | B73: FADUL | C73: GENERAL CABIN | D73: 1AC | E73: TINY PAINT CHIPPED ABOVE PAX SEAT | G73: https://i.ibb.co/QFscwxjY/8ad08b79170d.jpg | H73: Not Raised
A74: 71 | B74: FADUL | C74: GENERAL CABIN | D74: 1AC | E74: MISSING SCREW ABOVE MIRROR INSIDE STOWAGE COMPT. | G74: https://i.ibb.co/1Y4wsYSJ/813e1a75ef91.jpg | H74: Not Raised
A75: 72 | B75: FADUL | C75: GENERAL CABIN | D75: 1AC | E75: MISSING SCREW ABOVE MIRROR INSIDE STOWAGE COMPT. | G75: https://i.ibb.co/1Y4wsYSJ/813e1a75ef91.jpg | H75: Not Raised
A76: 73 | B76: FADUL | C76: GENERAL CABIN | D76: 30ABC | E76: SMALL CHIPPED OF PAINT ON PSU | H76: Not Raised
A77: 74 | B77: FADUL | C77: TEDLAR/SIDEWALL | D77: 2AC | E77: DIRTY LOWER SIDEWALL | H77: Not Raised
A78: 75 | B78: FADUL | C78: GENERAL CABIN | D78: 3AC | E78: SMALL CHIPP OF PAINT ON STOWAGE COMPT | H78: Not Raised
A79: 76 | B79: FADUL | C79: GENERAL CABIN | D79: C101 | E79: COMPT. C101 TEDLAR CHIPPED OF AND DIRTY | H79: Not Raised
A80: 77 | B80: FADUL | C80: GENERAL CABIN | D80: C101 | E80: MISSING HINGE SCREW ON COMPT. C101 | H80: Not Raised
A81: 78 | B81: FADUL | C81: GENERAL CABIN | D81: 2AC | E81: CHIPPED STOWAGE COMPT HANDLE | H81: Not Raised
A82: 79 | B82: HOSSAM ALTHOBAITI 30001461 | C82: FLIGHT DECK | D82: F/O WASTE | E82: F/O WASTER DOOR MAKE NOISY SOUND | G82: https://i.ibb.co/jvwwc8nF/9906f344dd92.jpg | H82: Not Raised
A83: 80 | B83: HOSSAM ALTHOBAITI 30001461 | C83: FLIGHT DECK | D83: FOURTH OBSERVER | E83: FOURTH OBSERVER SEAT BELT INOP | G83: https://i.ibb.co/Z65R8btD/ba3eb900cb73.jpg | H83: Not Raised
A84: 81 | B84: HOSSAM ALTHOBAITI 30001461 | C84: FLIGHT DECK | D84: CAPTAIN SEAT | E84: CAPTAIN SEAT OVERHEAD LIGHT SCREW MISSING | G84: https://i.ibb.co/HTct01dB/c871b1f2c316.jpg | H84: Not Raised
A85: 82 | B85: HOSSAM ALTHOBAITI 30001461 | C85: FLIGHT DECK | D85: THIRD OBSERVER | E85: THIRD OBSERVER LIFE VEST COVER MISSALIGNMENT | G85: https://i.ibb.co/d46MH5DN/a29b0249d1be.jpg https://i.ibb.co/RGGnWLqK/67b761ee5f93.jpg | H85: Not Raised
A86: 83 | B86: HOSSAM ALTHOBAITI 30001461 | C86: FLIGHT DECK | D86: SEATBELT | E86: BOTH SEATBELT FOR CAPTAIN, F/O ( DOWN) FRYED | G86: https://i.ibb.co/1J2sWRj4/fe904fa9e410.jpg https://i.ibb.co/60HdM7sk/e732d4c17fad.jpg | H86: Not Raised
A87: 84 | B87: FADUL | C87: GENERAL CABIN | D87: 3AC | E87: DIRTY INTERIOR STOWAGE COMPT | G87: https://i.ibb.co/DHV4TfTZ/becdfce1cd48.jpg | H87: Not Raised
A88: 85 | B88: FADUL | C88: GENERAL CABIN | D88: 3AC | E88: DEEP SCRATCH ON STOWAGE COMPT | H88: Not Raised
A89: 86 | B89: FADUL | C89: GENERAL CABIN | D89: 4AC | E89: MISSING DAMPER ON STOWAGE COMPT. | G89: https://i.ibb.co/Vc23wV6s/d97b3d0f503d.jpg | H89: Not Raised
A90: 87 | B90: HOSSAM ALTHOBAITI 30001461 | C90: FLIGHT DECK | D90: SPEAKERS PANEL | E90: SPEAKERS PANEL FOR CAPTAIN , F/O MISSING SCREW | G90: https://i.ibb.co/j9Sx4rbp/8d68053ab10f.jpg | H90: Not Raised
A91: 88 | B91: HOSSAM ALTHOBAITI 30001461 | C91: FLIGHT DECK | D91: MEAL TABLE | E91: F/O MEAL TABLE DISCOLORED | G91: https://i.ibb.co/v4xWgNG2/ca55a6de0799.jpg | H91: Not Raised
A92: 89 | B92: HOSSAM ALTHOBAITI 30001461 | C92: FLIGHT DECK | D92: MEAL TABLE | E92: CAPTAIN MEAL TABLE DISCOLORED | G92: https://i.ibb.co/cX1YSVxz/e4fdcb10fd6f.jpg | H92: Not Raised
A93: 90 | B93: FADUL | C93: GENERAL CABIN | D93: 5AC | E93: WHITE PAINT ON THE ROUBBER SEAL | H93: Not Raised
A94: 91 | B94: HOSSAM ALTHOBAITI 30001461 | C94: FLIGHT DECK | D94: CAPTAIN SEAT | E94: CAPTAIN SEAT ARM REST LH DISCOLORED | G94: https://i.ibb.co/j9Ph7zwF/cff2b7d75a45.jpg | H94: Not Raised
A95: 92 | B95: FADUL | C95: TEDLAR/SIDEWALL | D95: 5AC | E95: DEEP SCRATCH ON THE SIDEWALL | G95: https://i.ibb.co/sJHHgLJ5/05dabf7f4f6d.jpg | H95: Not Raised
A96: 93 | B96: HOSSAM ALTHOBAITI 30001461 | C96: FLIGHT DECK | D96: CAPTAIN SEAT | E96: CAPTAIN SEAT RH ARMREST LOOSE | G96: https://i.ibb.co/RkQZ0nm8/e63f1c035f2f.jpg | H96: Not Raised
A97: 94 | B97: HOSSAM ALTHOBAITI 30001461 | C97: FLIGHT DECK | D97: CAPTAIN SEAT | E97: WASTE AND OXYGEN MASK COVER MAKE NOISY SOUNDS WHEN OPEN AND CLOSE THE DOOR | G97: https://i.ibb.co/tMv1RN30/a8351414fa95.jpg | H97: Not Raised
A98: 95 | B98: FADUL | C98: TEDLAR/SIDEWALL | D98: 5AC | E98: DEEP SCRATCH ON THE SIDEWALL | H98: Not Raised
A99: 96 | B99: FADUL | C99: TEDLAR/SIDEWALL | D99: 5AC | E99: DEEP SCRATCH ON THE SIDEWALL | H99: Not Raised
A100: 97 | B100: HOSSAM ALTHOBAITI 30001461 | C100: FLIGHT DECK | D100: DISC STOWAGE | E100: DISC STOWAGE FOR F/O LATCH INOP | G100: https://i.ibb.co/KQZC85f/f229511eccc0.jpg | H100: Not Raised
A101: 98 | B101: HOSSAM ALTHOBAITI 30001461 | C101: FLIGHT DECK | D101: ESCAPE ROPE | E101: ESCAPE ROPE COVER ADHESIVE FOR CAPTAIN, F/O IS DAMAGED | G101: https://i.ibb.co/bgykmt5v/3655217e4941.jpg | H101: Not Raised
A102: 99 | B102: FADUL | C102: TEDLAR/SIDEWALL | D102: 5AC | E102: TWO BATCHES ON THE SIDEWALL | G102: https://i.ibb.co/ZRR3xZ6x/dbb1d6096baf.jpg | H102: Not Raised
A103: 100 | B103: 30001461 HOSSAM ALTHOBAITI | C103: FLIGHT DECK | D103: CAPTAIN SEAT | E103: CAPTAIN SEAT ARMREST SHROUD COVER NOT SECURED | G103: https://i.ibb.co/0p70syTY/a44d76f59e12.jpg | H103: Not Raised
A104: 101 | B104: 30001451 | C104: GALLEY | D104: FWD GALLEY | E104: COMP.211 LOWER BUMPER MISSING | G104: https://i.ibb.co/3yBSQLFR/ba2604ed74d5.jpg | H104: Not Raised
A105: 102 | B105: 30001451 | C105: GALLEY | D105: FWD GALLEY | E105: COMP. 208 ICEBOX SURFACE DIRTY AND MISSING SEALANT | G105: https://i.ibb.co/YFnXFqdt/99d9f5a0d515.jpg https://i.ibb.co/zhPBsr8V/7dbd40be0697.jpg | H105: Not Raised
A106: 103 | B106: 30001451 | C106: GALLEY | D106: FWD GALLEY | E106: COMP. 201 DOOR FRAME DETTACHED | G106: https://i.ibb.co/tp5YzfQc/c17e312b3f39.jpg | H106: Not Raised
A107: 104 | B107: 30001451 | C107: GALLEY | D107: FWD GALLEY | E107: COMP. 209 SLAMLATCH LOOSE | G107: https://i.ibb.co/wh6B6TTw/19cf42c4cdbd.jpg | H107: Not Raised
A108: 105 | B108: 30001451 | C108: GALLEY | D108: FWD GALLEY | E108: COMP. 209 DOOR LOOSE | G108: https://i.ibb.co/3yg3R11B/41e240e81c2d.jpg | H108: Not Raised
A109: 106 | B109: 30001451 | C109: GALLEY | D109: FWD GALLEY | E109: COMP. 210 TEDLAR CHIPED OFF | G109: https://i.ibb.co/gb1JSvc1/9fef0d776685.jpg | H109: Not Raised
A110: 107 | B110: 30001451 | C110: GALLEY | D110: FWD GALLEY | E110: COMP .101 DOOR LOOSE | G110: https://i.ibb.co/Z6kMgkgd/ad0cfff2568b.jpg | H110: Not Raised
A111: 108 | B111: 30001451 | C111: GALLEY | D111: FWD GALLEY | E111: COMP.214 LONG AND SHORT CART CATCHES CHIPED PAINT | G111: https://i.ibb.co/XZ3tSKZs/ca53d9566c66.jpg https://i.ibb.co/C3dZF01L/3d450b97a6ef.jpg | H111: Not Raised
A112: 109 | B112: 30001451 | C112: GALLEY | D112: FWD GALLEY | E112: FWD GALLEY LIGHTS LENS SHROUD DISCOLORATION | G112: https://i.ibb.co/QjbQbThx/ff93fdd4330b.jpg https://i.ibb.co/GvXF4mMv/1a7f9414dfc8.jpg | H112: Not Raised
A113: 110 | B113: 30001451 | C113: GALLEY | D113: FWD GALLEY | E113: FWD GALLEY BOTH OVENS NEED PAINT | G113: https://i.ibb.co/zWZ9jrft/0b6752a9105c.jpg https://i.ibb.co/KcDr903X/18573f4ff7c0.jpg | H113: Not Raised
A114: 111 | B114: 30001451 | C114: GALLEY | D114: FWD GALLEY | E114: FWD GALLEY FWD AND AFT MODULE WORKTOP SEALANT PARTIALLY MISSING | G114: https://i.ibb.co/yBcZ7W7Z/9968f3fc5e32.jpg https://i.ibb.co/3yRWvSb3/2ac6d645f036.jpg | H114: Not Raised
A115: 112 | B115: 30001451 | C115: GALLEY | D115: FWD GALLEY | E115: FWD GALLEY BUN WARMER LATCH LOOSE | G115: https://i.ibb.co/cSn68Zf6/69056fb21851.jpg | H115: Not Raised
A116: 113 | B116: 30001451 | C116: GALLEY | D116: FWD GALLEY CART CATCHES | E116: 3 LONG CART CATCH : 111,110,109 1 SHORT CART CATCH : 111 | H116: Not Raised
A117: 114 | B117: SHAREEF | C117: TEDLAR/SIDEWALL | D117: N/A | E117: RUBBER SEAL IS CUT AT FWD GALLEY DIRECTLY ABOVE COMP. 101 | G117: https://i.ibb.co/TyF7Ybm/3b9bb8dcead2.jpg | H117: Not Raised
...
